slug,name,name_hi,browse_section,default_unit,kcal_per_serving,protein_g_per_serving,serving_label,aliases,tags,is_junk,is_home_cooked,sort_priority,portion_ui_type,portion_presets,unit_options,data_source
chapati-medium,Chapati (medium),रोटी,breads_roti,piece,120,3.5,1 medium roti (~40g),roti|phulka|chapati|wheat roti,veg|staple|home_cooked,false,true,98,count,"{""default_key"":""regular"",""options"":[{""key"":""small"",""label"":""Small"",""multiplier"":0.8},{""key"":""regular"",""label"":""Medium"",""multiplier"":1.0},{""key"":""large"",""label"":""Large"",""multiplier"":1.3}]}","{""piece"":{""multiplier"":1,""label"":""piece"",""step"":1,""min"":1,""max"":10},""gram"":{""multiplier"":0.025,""label"":""g"",""step"":10,""min"":10,""max"":400}}",mfp_avg
phulka-thin,Phulka (thin roti),फुल्का,breads_roti,piece,90,2.8,1 thin phulka (~30g),phulka|thin roti|fulka,veg|staple|home_cooked,false,true,90,count,"{""default_key"":""regular"",""options"":[{""key"":""regular"",""label"":""Standard"",""multiplier"":1.0}]}","{""piece"":{""multiplier"":1,""label"":""piece"",""step"":1,""min"":1,""max"":10},""gram"":{""multiplier"":0.03333,""label"":""g"",""step"":10,""min"":10,""max"":300}}",mfp_avg
tandoori-roti,Tandoori roti,तंदूरी रोटी,breads_roti,piece,150,4.0,1 tandoori roti (~50g),tandoori roti|tandoor roti,veg|restaurant,false,false,80,count,"{""default_key"":""regular"",""options"":[{""key"":""regular"",""label"":""Standard"",""multiplier"":1.0}]}","{""piece"":{""multiplier"":1,""label"":""piece"",""step"":1,""min"":1,""max"":8},""gram"":{""multiplier"":0.02,""label"":""g"",""step"":10,""min"":10,""max"":400}}",mfp_avg
rumali-roti,Rumali roti,रुमाली रोटी,breads_roti,piece,140,3.5,1 rumali roti (~40g),rumali|romali roti,veg|restaurant,false,false,60,count,"{""default_key"":""regular"",""options"":[{""key"":""regular"",""label"":""Standard"",""multiplier"":1.0}]}","{""piece"":{""multiplier"":1,""label"":""piece"",""step"":1,""min"":1,""max"":8},""gram"":{""multiplier"":0.025,""label"":""g"",""step"":10,""min"":10,""max"":320}}",mfp_avg
missi-roti,Missi roti,मिस्सी रोटी,breads_roti,piece,200,6.0,1 missi roti (~60g),missi roti|besan roti,veg|home_cooked,false,true,55,count,"{""default_key"":""regular"",""options"":[{""key"":""small"",""label"":""Small"",""multiplier"":0.8},{""key"":""regular"",""label"":""Medium"",""multiplier"":1.0},{""key"":""large"",""label"":""Large"",""multiplier"":1.3}]}","{""piece"":{""multiplier"":1,""label"":""piece"",""step"":1,""min"":1,""max"":6},""gram"":{""multiplier"":0.01667,""label"":""g"",""step"":10,""min"":10,""max"":360}}",mfp_avg
bajra-roti,Bajra roti,बाजरा रोटी,breads_roti,piece,165,5.0,1 bajra roti (~50g),bajra roti|pearl millet roti,veg|millet|home_cooked,false,true,65,count,"{""default_key"":""regular"",""options"":[{""key"":""small"",""label"":""Small"",""multiplier"":0.8},{""key"":""regular"",""label"":""Medium"",""multiplier"":1.0},{""key"":""large"",""label"":""Large"",""multiplier"":1.3}]}","{""piece"":{""multiplier"":1,""label"":""piece"",""step"":1,""min"":1,""max"":6},""gram"":{""multiplier"":0.02,""label"":""g"",""step"":10,""min"":10,""max"":300}}",mfp_avg
jowar-roti,Jowar roti / Bhakri,ज्वार रोटी,breads_roti,piece,145,4.5,1 jowar bhakri (~50g),jowar roti|jowar bhakri|sorghum,veg|millet|home_cooked,false,true,60,count,"{""default_key"":""regular"",""options"":[{""key"":""small"",""label"":""Small"",""multiplier"":0.8},{""key"":""regular"",""label"":""Medium"",""multiplier"":1.0},{""key"":""large"",""label"":""Large"",""multiplier"":1.3}]}","{""piece"":{""multiplier"":1,""label"":""piece"",""step"":1,""min"":1,""max"":6},""gram"":{""multiplier"":0.02,""label"":""g"",""step"":10,""min"":10,""max"":300}}",mfp_avg
ragi-roti,Ragi roti,रागी रोटी,breads_roti,piece,145,3.5,1 ragi roti (~50g),ragi roti|finger millet roti|nachni,veg|millet|home_cooked,false,true,60,count,"{""default_key"":""regular"",""options"":[{""key"":""small"",""label"":""Small"",""multiplier"":0.8},{""key"":""regular"",""label"":""Medium"",""multiplier"":1.0},{""key"":""large"",""label"":""Large"",""multiplier"":1.3}]}","{""piece"":{""multiplier"":1,""label"":""piece"",""step"":1,""min"":1,""max"":6},""gram"":{""multiplier"":0.02,""label"":""g"",""step"":10,""min"":10,""max"":300}}",mfp_avg
makki-roti,Makki ki roti,मक्की की रोटी,breads_roti,piece,160,4.0,1 makki roti (~50g),makki roti|makki ki roti|corn roti,veg|home_cooked,false,true,55,count,"{""default_key"":""regular"",""options"":[{""key"":""small"",""label"":""Small"",""multiplier"":0.8},{""key"":""regular"",""label"":""Medium"",""multiplier"":1.0},{""key"":""large"",""label"":""Large"",""multiplier"":1.3}]}","{""piece"":{""multiplier"":1,""label"":""piece"",""step"":1,""min"":1,""max"":6},""gram"":{""multiplier"":0.02,""label"":""g"",""step"":10,""min"":10,""max"":300}}",mfp_avg
plain-paratha,Plain paratha,परांठा,breads_roti,piece,260,5.0,1 medium paratha (~70g),paratha|plain paratha,veg|home_cooked,false,true,88,count,"{""default_key"":""regular"",""options"":[{""key"":""small"",""label"":""Small"",""multiplier"":0.8},{""key"":""regular"",""label"":""Medium"",""multiplier"":1.0},{""key"":""large"",""label"":""Large"",""multiplier"":1.3}]}","{""piece"":{""multiplier"":1,""label"":""piece"",""step"":1,""min"":1,""max"":6},""gram"":{""multiplier"":0.01429,""label"":""g"",""step"":10,""min"":10,""max"":420}}",mfp_avg
aloo-paratha,Aloo paratha,आलू परांठा,breads_roti,piece,290,6.0,1 aloo paratha (~100g),aloo paratha|potato paratha,veg|home_cooked,false,true,92,count,"{""default_key"":""regular"",""options"":[{""key"":""small"",""label"":""Small"",""multiplier"":0.8},{""key"":""regular"",""label"":""Medium"",""multiplier"":1.0},{""key"":""large"",""label"":""Large"",""multiplier"":1.3}]}","{""piece"":{""multiplier"":1,""label"":""piece"",""step"":1,""min"":1,""max"":5},""gram"":{""multiplier"":0.01,""label"":""g"",""step"":10,""min"":10,""max"":500}}",mfp_avg
gobi-paratha,Gobi paratha,गोभी परांठा,breads_roti,piece,270,6.5,1 gobi paratha (~100g),gobi paratha|cauliflower paratha,veg|home_cooked,false,true,70,count,"{""default_key"":""regular"",""options"":[{""key"":""small"",""label"":""Small"",""multiplier"":0.8},{""key"":""regular"",""label"":""Medium"",""multiplier"":1.0},{""key"":""large"",""label"":""Large"",""multiplier"":1.3}]}","{""piece"":{""multiplier"":1,""label"":""piece"",""step"":1,""min"":1,""max"":5},""gram"":{""multiplier"":0.01,""label"":""g"",""step"":10,""min"":10,""max"":500}}",mfp_avg
paneer-paratha,Paneer paratha,पनीर परांठा,breads_roti,piece,320,11.0,1 paneer paratha (~100g),paneer paratha,veg|home_cooked|high_protein,false,true,75,count,"{""default_key"":""regular"",""options"":[{""key"":""small"",""label"":""Small"",""multiplier"":0.8},{""key"":""regular"",""label"":""Medium"",""multiplier"":1.0},{""key"":""large"",""label"":""Large"",""multiplier"":1.3}]}","{""piece"":{""multiplier"":1,""label"":""piece"",""step"":1,""min"":1,""max"":5},""gram"":{""multiplier"":0.01,""label"":""g"",""step"":10,""min"":10,""max"":500}}",mfp_avg
methi-paratha,Methi paratha,मेथी परांठा,breads_roti,piece,230,6.0,1 methi paratha (~80g),methi paratha|fenugreek paratha,veg|home_cooked,false,true,55,count,"{""default_key"":""regular"",""options"":[{""key"":""small"",""label"":""Small"",""multiplier"":0.8},{""key"":""regular"",""label"":""Medium"",""multiplier"":1.0},{""key"":""large"",""label"":""Large"",""multiplier"":1.3}]}","{""piece"":{""multiplier"":1,""label"":""piece"",""step"":1,""min"":1,""max"":5},""gram"":{""multiplier"":0.0125,""label"":""g"",""step"":10,""min"":10,""max"":400}}",mfp_avg
mooli-paratha,Mooli paratha,मूली परांठा,breads_roti,piece,250,6.0,1 mooli paratha (~90g),mooli paratha|radish paratha,veg|home_cooked,false,true,50,count,"{""default_key"":""regular"",""options"":[{""key"":""small"",""label"":""Small"",""multiplier"":0.8},{""key"":""regular"",""label"":""Medium"",""multiplier"":1.0},{""key"":""large"",""label"":""Large"",""multiplier"":1.3}]}","{""piece"":{""multiplier"":1,""label"":""piece"",""step"":1,""min"":1,""max"":5},""gram"":{""multiplier"":0.01111,""label"":""g"",""step"":10,""min"":10,""max"":450}}",mfp_avg
lachha-paratha,Lachha paratha,लच्छा परांठा,breads_roti,piece,290,5.5,1 lachha paratha (~80g),lachha paratha|laccha paratha|layered paratha,veg|restaurant,false,false,65,count,"{""default_key"":""regular"",""options"":[{""key"":""small"",""label"":""Small"",""multiplier"":0.8},{""key"":""regular"",""label"":""Medium"",""multiplier"":1.0},{""key"":""large"",""label"":""Large"",""multiplier"":1.3}]}","{""piece"":{""multiplier"":1,""label"":""piece"",""step"":1,""min"":1,""max"":5},""gram"":{""multiplier"":0.0125,""label"":""g"",""step"":10,""min"":10,""max"":400}}",mfp_avg
naan-plain,Naan (plain),नान,breads_roti,piece,260,7.0,1 naan (~80g),naan|plain naan,veg|restaurant,false,false,78,count,"{""default_key"":""regular"",""options"":[{""key"":""small"",""label"":""Small"",""multiplier"":0.8},{""key"":""regular"",""label"":""Medium"",""multiplier"":1.0},{""key"":""large"",""label"":""Large"",""multiplier"":1.3}]}","{""piece"":{""multiplier"":1,""label"":""piece"",""step"":1,""min"":1,""max"":5},""gram"":{""multiplier"":0.0125,""label"":""g"",""step"":10,""min"":10,""max"":400}}",mfp_avg
butter-naan,Butter naan,बटर नान,breads_roti,piece,290,7.0,1 butter naan (~85g),butter naan,veg|restaurant,false,false,82,count,"{""default_key"":""regular"",""options"":[{""key"":""small"",""label"":""Small"",""multiplier"":0.8},{""key"":""regular"",""label"":""Medium"",""multiplier"":1.0},{""key"":""large"",""label"":""Large"",""multiplier"":1.3}]}","{""piece"":{""multiplier"":1,""label"":""piece"",""step"":1,""min"":1,""max"":5},""gram"":{""multiplier"":0.01176,""label"":""g"",""step"":10,""min"":10,""max"":425}}",mfp_avg
garlic-naan,Garlic naan,गार्लिक नान,breads_roti,piece,280,7.5,1 garlic naan (~85g),garlic naan,veg|restaurant,false,false,72,count,"{""default_key"":""regular"",""options"":[{""key"":""small"",""label"":""Small"",""multiplier"":0.8},{""key"":""regular"",""label"":""Medium"",""multiplier"":1.0},{""key"":""large"",""label"":""Large"",""multiplier"":1.3}]}","{""piece"":{""multiplier"":1,""label"":""piece"",""step"":1,""min"":1,""max"":5},""gram"":{""multiplier"":0.01176,""label"":""g"",""step"":10,""min"":10,""max"":425}}",mfp_avg
cheese-naan,Cheese naan,चीज़ नान,breads_roti,piece,350,12.0,1 cheese naan (~95g),cheese naan|cheesy naan,veg|restaurant,false,false,55,count,"{""default_key"":""regular"",""options"":[{""key"":""small"",""label"":""Small"",""multiplier"":0.8},{""key"":""regular"",""label"":""Medium"",""multiplier"":1.0},{""key"":""large"",""label"":""Large"",""multiplier"":1.3}]}","{""piece"":{""multiplier"":1,""label"":""piece"",""step"":1,""min"":1,""max"":4},""gram"":{""multiplier"":0.01053,""label"":""g"",""step"":10,""min"":10,""max"":380}}",mfp_avg
puri,Puri,पूरी,breads_roti,piece,150,2.5,1 puri (~40g),puri|poori,veg|fried,false,true,70,count,"{""default_key"":""regular"",""options"":[{""key"":""regular"",""label"":""Standard"",""multiplier"":1.0}]}","{""piece"":{""multiplier"":1,""label"":""piece"",""step"":1,""min"":1,""max"":8},""gram"":{""multiplier"":0.025,""label"":""g"",""step"":10,""min"":10,""max"":320}}",mfp_avg
bhatura,Bhatura,भटूरा,breads_roti,piece,270,6.0,1 bhatura (~75g),bhatura|bhature,veg|fried|restaurant,false,false,70,count,"{""default_key"":""regular"",""options"":[{""key"":""small"",""label"":""Small"",""multiplier"":0.8},{""key"":""regular"",""label"":""Medium"",""multiplier"":1.0},{""key"":""large"",""label"":""Large"",""multiplier"":1.3}]}","{""piece"":{""multiplier"":1,""label"":""piece"",""step"":1,""min"":1,""max"":4},""gram"":{""multiplier"":0.01333,""label"":""g"",""step"":10,""min"":10,""max"":300}}",mfp_avg
luchi,Luchi,লুচি,breads_roti,piece,130,2.0,1 luchi (~35g),luchi|bengali puri,veg|fried|home_cooked,false,true,40,count,"{""default_key"":""regular"",""options"":[{""key"":""regular"",""label"":""Standard"",""multiplier"":1.0}]}","{""piece"":{""multiplier"":1,""label"":""piece"",""step"":1,""min"":1,""max"":8},""gram"":{""multiplier"":0.02857,""label"":""g"",""step"":10,""min"":10,""max"":280}}",mfp_avg
kulcha-plain,Kulcha (plain),कुलचा,breads_roti,piece,240,6.0,1 kulcha (~75g),kulcha|plain kulcha,veg|restaurant,false,false,60,count,"{""default_key"":""regular"",""options"":[{""key"":""small"",""label"":""Small"",""multiplier"":0.8},{""key"":""regular"",""label"":""Medium"",""multiplier"":1.0},{""key"":""large"",""label"":""Large"",""multiplier"":1.3}]}","{""piece"":{""multiplier"":1,""label"":""piece"",""step"":1,""min"":1,""max"":5},""gram"":{""multiplier"":0.01333,""label"":""g"",""step"":10,""min"":10,""max"":375}}",mfp_avg
amritsari-kulcha,Amritsari stuffed kulcha,अमृतसरी कुलचा,breads_roti,piece,320,8.0,1 stuffed kulcha (~100g),amritsari kulcha|stuffed kulcha,veg|restaurant,false,false,50,count,"{""default_key"":""regular"",""options"":[{""key"":""small"",""label"":""Small"",""multiplier"":0.8},{""key"":""regular"",""label"":""Medium"",""multiplier"":1.0},{""key"":""large"",""label"":""Large"",""multiplier"":1.3}]}","{""piece"":{""multiplier"":1,""label"":""piece"",""step"":1,""min"":1,""max"":4},""gram"":{""multiplier"":0.01,""label"":""g"",""step"":10,""min"":10,""max"":400}}",mfp_avg
pav,Pav (Indian bread),पाव,breads_roti,piece,105,3.0,1 pav (~40g),pav|ladi pav|bun,veg|bakery,false,false,60,count,"{""default_key"":""regular"",""options"":[{""key"":""regular"",""label"":""Standard"",""multiplier"":1.0}]}","{""piece"":{""multiplier"":1,""label"":""piece"",""step"":1,""min"":1,""max"":10},""gram"":{""multiplier"":0.025,""label"":""g"",""step"":10,""min"":10,""max"":400}}",mfp_avg
white-bread-slice,White bread (slice),ब्रेड,breads_roti,piece,75,2.5,1 slice (~25g),bread|white bread|sandwich bread,veg|packaged,false,false,80,count,"{""default_key"":""regular"",""options"":[{""key"":""regular"",""label"":""Standard"",""multiplier"":1.0}]}","{""piece"":{""multiplier"":1,""label"":""piece"",""step"":1,""min"":1,""max"":12},""gram"":{""multiplier"":0.04,""label"":""g"",""step"":10,""min"":10,""max"":300}}",label_pack
brown-bread-slice,Brown bread (slice),ब्राउन ब्रेड,breads_roti,piece,80,3.0,1 slice (~28g),brown bread|wholewheat bread,veg|packaged,false,false,75,count,"{""default_key"":""regular"",""options"":[{""key"":""regular"",""label"":""Standard"",""multiplier"":1.0}]}","{""piece"":{""multiplier"":1,""label"":""piece"",""step"":1,""min"":1,""max"":12},""gram"":{""multiplier"":0.03571,""label"":""g"",""step"":10,""min"":10,""max"":336}}",label_pack
multigrain-bread-slice,Multigrain bread (slice),,breads_roti,piece,85,3.5,1 slice (~28g),multigrain bread|seeded bread,veg|packaged|high_fiber,false,false,65,count,"{""default_key"":""regular"",""options"":[{""key"":""regular"",""label"":""Standard"",""multiplier"":1.0}]}","{""piece"":{""multiplier"":1,""label"":""piece"",""step"":1,""min"":1,""max"":12},""gram"":{""multiplier"":0.03571,""label"":""g"",""step"":10,""min"":10,""max"":336}}",label_pack
pancake-plain,Pancake (plain),,breads_roti,piece,115,3.5,1 pancake (~50g),pancake|flapjack,veg|western|breakfast,false,false,35,count,"{""default_key"":""regular"",""options"":[{""key"":""small"",""label"":""Small"",""multiplier"":0.8},{""key"":""regular"",""label"":""Medium"",""multiplier"":1.0},{""key"":""large"",""label"":""Large"",""multiplier"":1.3}]}","{""piece"":{""multiplier"":1,""label"":""piece"",""step"":1,""min"":1,""max"":6},""gram"":{""multiplier"":0.02,""label"":""g"",""step"":10,""min"":10,""max"":300}}",usda_fdc
waffle-plain,Waffle (plain),,breads_roti,piece,220,5.0,1 waffle (~75g),waffle,veg|western|breakfast,false,false,30,count,"{""default_key"":""regular"",""options"":[{""key"":""small"",""label"":""Small"",""multiplier"":0.8},{""key"":""regular"",""label"":""Medium"",""multiplier"":1.0},{""key"":""large"",""label"":""Large"",""multiplier"":1.3}]}","{""piece"":{""multiplier"":1,""label"":""piece"",""step"":1,""min"":1,""max"":4},""gram"":{""multiplier"":0.01333,""label"":""g"",""step"":10,""min"":10,""max"":300}}",usda_fdc
croissant-plain,Croissant (plain),,breads_roti,piece,230,5.0,1 croissant (~55g),croissant,veg|western|bakery,false,false,30,count,"{""default_key"":""regular"",""options"":[{""key"":""small"",""label"":""Small"",""multiplier"":0.8},{""key"":""regular"",""label"":""Medium"",""multiplier"":1.0},{""key"":""large"",""label"":""Large"",""multiplier"":1.3}]}","{""piece"":{""multiplier"":1,""label"":""piece"",""step"":1,""min"":1,""max"":4},""gram"":{""multiplier"":0.01818,""label"":""g"",""step"":10,""min"":10,""max"":220}}",usda_fdc
bagel-plain,Bagel (plain),,breads_roti,piece,250,9.0,1 bagel (~90g),bagel,veg|western|bakery,false,false,25,count,"{""default_key"":""regular"",""options"":[{""key"":""small"",""label"":""Small"",""multiplier"":0.8},{""key"":""regular"",""label"":""Medium"",""multiplier"":1.0},{""key"":""large"",""label"":""Large"",""multiplier"":1.3}]}","{""piece"":{""multiplier"":1,""label"":""piece"",""step"":1,""min"":1,""max"":3},""gram"":{""multiplier"":0.01111,""label"":""g"",""step"":10,""min"":10,""max"":270}}",usda_fdc
steamed-rice-white,Steamed rice (white),चावल,rice_biryani,bowl,215,4.5,1 katori (~180g cooked),chawal|white rice|rice|steamed rice,veg|staple|home_cooked,false,true,96,bowl_scale,"{""default_key"":""regular"",""options"":[{""key"":""small"",""label"":""Small"",""hint"":""½ katori / light"",""multiplier"":0.75},{""key"":""regular"",""label"":""Regular"",""hint"":""1 katori (~180g)"",""multiplier"":1.0},{""key"":""large"",""label"":""Large"",""hint"":""Full bowl / generous"",""multiplier"":1.35}]}","{""bowl"":{""multiplier"":1,""label"":""bowl"",""step"":0.5,""min"":0.5,""max"":4},""gram"":{""multiplier"":0.00556,""label"":""g"",""step"":10,""min"":30,""max"":600}}",ifct_2017
brown-rice,Brown rice (cooked),,rice_biryani,bowl,195,4.0,1 katori (~180g cooked),brown rice|wholegrain rice,veg|staple|high_fiber,false,true,70,bowl_scale,"{""default_key"":""regular"",""options"":[{""key"":""small"",""label"":""Small"",""hint"":""½ katori / light"",""multiplier"":0.75},{""key"":""regular"",""label"":""Regular"",""hint"":""1 katori (~180g)"",""multiplier"":1.0},{""key"":""large"",""label"":""Large"",""hint"":""Full bowl / generous"",""multiplier"":1.35}]}","{""bowl"":{""multiplier"":1,""label"":""bowl"",""step"":0.5,""min"":0.5,""max"":4},""gram"":{""multiplier"":0.00556,""label"":""g"",""step"":10,""min"":30,""max"":600}}",usda_fdc
basmati-rice,Basmati rice (cooked),बासमती चावल,rice_biryani,bowl,220,4.5,1 katori (~180g cooked),basmati|basmati rice,veg|staple,false,true,80,bowl_scale,"{""default_key"":""regular"",""options"":[{""key"":""small"",""label"":""Small"",""hint"":""½ katori / light"",""multiplier"":0.75},{""key"":""regular"",""label"":""Regular"",""hint"":""1 katori (~180g)"",""multiplier"":1.0},{""key"":""large"",""label"":""Large"",""hint"":""Full bowl / generous"",""multiplier"":1.35}]}","{""bowl"":{""multiplier"":1,""label"":""bowl"",""step"":0.5,""min"":0.5,""max"":4},""gram"":{""multiplier"":0.00556,""label"":""g"",""step"":10,""min"":30,""max"":600}}",ifct_2017
jeera-rice,Jeera rice,जीरा चावल,rice_biryani,bowl,265,4.5,1 katori (~180g),jeera rice|cumin rice,veg|home_cooked,false,true,78,bowl_scale,"{""default_key"":""regular"",""options"":[{""key"":""small"",""label"":""Small"",""hint"":""½ katori / light"",""multiplier"":0.75},{""key"":""regular"",""label"":""Regular"",""hint"":""1 katori (~180g)"",""multiplier"":1.0},{""key"":""large"",""label"":""Large"",""hint"":""Full bowl / generous"",""multiplier"":1.35}]}","{""bowl"":{""multiplier"":1,""label"":""bowl"",""step"":0.5,""min"":0.5,""max"":4},""gram"":{""multiplier"":0.00556,""label"":""g"",""step"":10,""min"":30,""max"":600}}",mfp_avg
lemon-rice,Lemon rice,नींबू चावल,rice_biryani,bowl,290,5.5,1 katori (~180g),lemon rice|nimbu chawal|chitranna,veg|south_indian|home_cooked,false,true,60,bowl_scale,"{""default_key"":""regular"",""options"":[{""key"":""small"",""label"":""Small"",""hint"":""½ katori / light"",""multiplier"":0.75},{""key"":""regular"",""label"":""Regular"",""hint"":""1 katori (~180g)"",""multiplier"":1.0},{""key"":""large"",""label"":""Large"",""hint"":""Full bowl / generous"",""multiplier"":1.35}]}","{""bowl"":{""multiplier"":1,""label"":""bowl"",""step"":0.5,""min"":0.5,""max"":4},""gram"":{""multiplier"":0.00556,""label"":""g"",""step"":10,""min"":30,""max"":600}}",mfp_avg
curd-rice,Curd rice,दही चावल,rice_biryani,bowl,210,6.0,1 katori (~180g),curd rice|dahi chawal|thayir sadam,veg|south_indian|home_cooked,false,true,70,bowl_scale,"{""default_key"":""regular"",""options"":[{""key"":""small"",""label"":""Small"",""hint"":""½ katori / light"",""multiplier"":0.75},{""key"":""regular"",""label"":""Regular"",""hint"":""1 katori (~180g)"",""multiplier"":1.0},{""key"":""large"",""label"":""Large"",""hint"":""Full bowl / generous"",""multiplier"":1.35}]}","{""bowl"":{""multiplier"":1,""label"":""bowl"",""step"":0.5,""min"":0.5,""max"":4},""gram"":{""multiplier"":0.00556,""label"":""g"",""step"":10,""min"":30,""max"":600}}",mfp_avg
tomato-rice,Tomato rice,,rice_biryani,bowl,275,4.5,1 katori (~180g),tomato rice|tomato bath,veg|south_indian,false,true,50,bowl_scale,"{""default_key"":""regular"",""options"":[{""key"":""small"",""label"":""Small"",""hint"":""½ katori / light"",""multiplier"":0.75},{""key"":""regular"",""label"":""Regular"",""hint"":""1 katori (~180g)"",""multiplier"":1.0},{""key"":""large"",""label"":""Large"",""hint"":""Full bowl / generous"",""multiplier"":1.35}]}","{""bowl"":{""multiplier"":1,""label"":""bowl"",""step"":0.5,""min"":0.5,""max"":4},""gram"":{""multiplier"":0.00556,""label"":""g"",""step"":10,""min"":30,""max"":600}}",mfp_avg
veg-pulao,Veg pulao,वेज पुलाव,rice_biryani,bowl,295,7.0,1 katori (~180g),veg pulao|pulao|pilaf,veg|home_cooked,false,true,78,bowl_scale,"{""default_key"":""regular"",""options"":[{""key"":""small"",""label"":""Small"",""hint"":""½ katori / light"",""multiplier"":0.75},{""key"":""regular"",""label"":""Regular"",""hint"":""1 katori (~180g)"",""multiplier"":1.0},{""key"":""large"",""label"":""Large"",""hint"":""Full bowl / generous"",""multiplier"":1.35}]}","{""bowl"":{""multiplier"":1,""label"":""bowl"",""step"":0.5,""min"":0.5,""max"":4},""gram"":{""multiplier"":0.00556,""label"":""g"",""step"":10,""min"":30,""max"":600}}",mfp_avg
matar-pulao,Matar pulao,मटर पुलाव,rice_biryani,bowl,285,7.5,1 katori (~180g),matar pulao|peas pulao,veg|home_cooked,false,true,60,bowl_scale,"{""default_key"":""regular"",""options"":[{""key"":""small"",""label"":""Small"",""hint"":""½ katori / light"",""multiplier"":0.75},{""key"":""regular"",""label"":""Regular"",""hint"":""1 katori (~180g)"",""multiplier"":1.0},{""key"":""large"",""label"":""Large"",""hint"":""Full bowl / generous"",""multiplier"":1.35}]}","{""bowl"":{""multiplier"":1,""label"":""bowl"",""step"":0.5,""min"":0.5,""max"":4},""gram"":{""multiplier"":0.00556,""label"":""g"",""step"":10,""min"":30,""max"":600}}",mfp_avg
veg-biryani,Veg biryani,वेज बिरयानी,rice_biryani,bowl,350,8.5,1 katori (~180g),veg biryani|veg dum biryani,veg|restaurant,false,false,75,bowl_scale,"{""default_key"":""regular"",""options"":[{""key"":""small"",""label"":""Small"",""hint"":""½ katori / light"",""multiplier"":0.75},{""key"":""regular"",""label"":""Regular"",""hint"":""1 katori (~180g)"",""multiplier"":1.0},{""key"":""large"",""label"":""Large"",""hint"":""Full bowl / generous"",""multiplier"":1.35}]}","{""bowl"":{""multiplier"":1,""label"":""bowl"",""step"":0.5,""min"":0.5,""max"":4},""gram"":{""multiplier"":0.00556,""label"":""g"",""step"":10,""min"":30,""max"":600}}",mfp_avg
chicken-biryani,Chicken biryani,चिकन बिरयानी,rice_biryani,bowl,395,17.0,1 katori (~180g),chicken biryani|murg biryani,non_veg|restaurant,false,false,92,bowl_scale,"{""default_key"":""regular"",""options"":[{""key"":""small"",""label"":""Small"",""hint"":""½ katori / light"",""multiplier"":0.75},{""key"":""regular"",""label"":""Regular"",""hint"":""1 katori (~180g)"",""multiplier"":1.0},{""key"":""large"",""label"":""Large"",""hint"":""Full bowl / generous"",""multiplier"":1.35}]}","{""bowl"":{""multiplier"":1,""label"":""bowl"",""step"":0.5,""min"":0.5,""max"":4},""gram"":{""multiplier"":0.00556,""label"":""g"",""step"":10,""min"":30,""max"":600}}",mfp_avg
mutton-biryani,Mutton biryani,मटन बिरयानी,rice_biryani,bowl,430,18.0,1 katori (~180g),mutton biryani|lamb biryani,non_veg|restaurant,false,false,82,bowl_scale,"{""default_key"":""regular"",""options"":[{""key"":""small"",""label"":""Small"",""hint"":""½ katori / light"",""multiplier"":0.75},{""key"":""regular"",""label"":""Regular"",""hint"":""1 katori (~180g)"",""multiplier"":1.0},{""key"":""large"",""label"":""Large"",""hint"":""Full bowl / generous"",""multiplier"":1.35}]}","{""bowl"":{""multiplier"":1,""label"":""bowl"",""step"":0.5,""min"":0.5,""max"":4},""gram"":{""multiplier"":0.00556,""label"":""g"",""step"":10,""min"":30,""max"":600}}",mfp_avg
hyderabadi-dum-biryani,Hyderabadi dum biryani,हैदराबादी बिरयानी,rice_biryani,bowl,415,17.0,1 katori (~180g),hyderabadi biryani|dum biryani,non_veg|restaurant,false,false,70,bowl_scale,"{""default_key"":""regular"",""options"":[{""key"":""small"",""label"":""Small"",""hint"":""½ katori / light"",""multiplier"":0.75},{""key"":""regular"",""label"":""Regular"",""hint"":""1 katori (~180g)"",""multiplier"":1.0},{""key"":""large"",""label"":""Large"",""hint"":""Full bowl / generous"",""multiplier"":1.35}]}","{""bowl"":{""multiplier"":1,""label"":""bowl"",""step"":0.5,""min"":0.5,""max"":4},""gram"":{""multiplier"":0.00556,""label"":""g"",""step"":10,""min"":30,""max"":600}}",mfp_avg
egg-biryani,Egg biryani,अंडा बिरयानी,rice_biryani,bowl,370,13.0,1 katori (~180g),egg biryani|anda biryani,non_veg|restaurant,false,false,65,bowl_scale,"{""default_key"":""regular"",""options"":[{""key"":""small"",""label"":""Small"",""hint"":""½ katori / light"",""multiplier"":0.75},{""key"":""regular"",""label"":""Regular"",""hint"":""1 katori (~180g)"",""multiplier"":1.0},{""key"":""large"",""label"":""Large"",""hint"":""Full bowl / generous"",""multiplier"":1.35}]}","{""bowl"":{""multiplier"":1,""label"":""bowl"",""step"":0.5,""min"":0.5,""max"":4},""gram"":{""multiplier"":0.00556,""label"":""g"",""step"":10,""min"":30,""max"":600}}",mfp_avg
prawn-biryani,Prawn biryani,झींगा बिरयानी,rice_biryani,bowl,385,17.0,1 katori (~180g),prawn biryani|jhinga biryani,non_veg|restaurant,false,false,50,bowl_scale,"{""default_key"":""regular"",""options"":[{""key"":""small"",""label"":""Small"",""hint"":""½ katori / light"",""multiplier"":0.75},{""key"":""regular"",""label"":""Regular"",""hint"":""1 katori (~180g)"",""multiplier"":1.0},{""key"":""large"",""label"":""Large"",""hint"":""Full bowl / generous"",""multiplier"":1.35}]}","{""bowl"":{""multiplier"":1,""label"":""bowl"",""step"":0.5,""min"":0.5,""max"":4},""gram"":{""multiplier"":0.00556,""label"":""g"",""step"":10,""min"":30,""max"":600}}",mfp_avg
fried-rice-veg,Veg fried rice,वेज फ्राइड राइस,rice_biryani,bowl,275,6.0,1 katori (~180g),veg fried rice|fried rice,veg|indo_chinese|restaurant,false,false,80,bowl_scale,"{""default_key"":""regular"",""options"":[{""key"":""small"",""label"":""Small"",""hint"":""½ katori / light"",""multiplier"":0.75},{""key"":""regular"",""label"":""Regular"",""hint"":""1 katori (~180g)"",""multiplier"":1.0},{""key"":""large"",""label"":""Large"",""hint"":""Full bowl / generous"",""multiplier"":1.35}]}","{""bowl"":{""multiplier"":1,""label"":""bowl"",""step"":0.5,""min"":0.5,""max"":4},""gram"":{""multiplier"":0.00556,""label"":""g"",""step"":10,""min"":30,""max"":600}}",mfp_avg
schezwan-fried-rice,Schezwan fried rice,,rice_biryani,bowl,300,6.0,1 katori (~180g),schezwan fried rice|szechwan rice,veg|indo_chinese|restaurant,false,false,65,bowl_scale,"{""default_key"":""regular"",""options"":[{""key"":""small"",""label"":""Small"",""hint"":""½ katori / light"",""multiplier"":0.75},{""key"":""regular"",""label"":""Regular"",""hint"":""1 katori (~180g)"",""multiplier"":1.0},{""key"":""large"",""label"":""Large"",""hint"":""Full bowl / generous"",""multiplier"":1.35}]}","{""bowl"":{""multiplier"":1,""label"":""bowl"",""step"":0.5,""min"":0.5,""max"":4},""gram"":{""multiplier"":0.00556,""label"":""g"",""step"":10,""min"":30,""max"":600}}",mfp_avg
egg-fried-rice,Egg fried rice,,rice_biryani,bowl,310,10.0,1 katori (~180g),egg fried rice,non_veg|indo_chinese|restaurant,false,false,60,bowl_scale,"{""default_key"":""regular"",""options"":[{""key"":""small"",""label"":""Small"",""hint"":""½ katori / light"",""multiplier"":0.75},{""key"":""regular"",""label"":""Regular"",""hint"":""1 katori (~180g)"",""multiplier"":1.0},{""key"":""large"",""label"":""Large"",""hint"":""Full bowl / generous"",""multiplier"":1.35}]}","{""bowl"":{""multiplier"":1,""label"":""bowl"",""step"":0.5,""min"":0.5,""max"":4},""gram"":{""multiplier"":0.00556,""label"":""g"",""step"":10,""min"":30,""max"":600}}",mfp_avg
chicken-fried-rice,Chicken fried rice,,rice_biryani,bowl,335,13.0,1 katori (~180g),chicken fried rice,non_veg|indo_chinese|restaurant,false,false,65,bowl_scale,"{""default_key"":""regular"",""options"":[{""key"":""small"",""label"":""Small"",""hint"":""½ katori / light"",""multiplier"":0.75},{""key"":""regular"",""label"":""Regular"",""hint"":""1 katori (~180g)"",""multiplier"":1.0},{""key"":""large"",""label"":""Large"",""hint"":""Full bowl / generous"",""multiplier"":1.35}]}","{""bowl"":{""multiplier"":1,""label"":""bowl"",""step"":0.5,""min"":0.5,""max"":4},""gram"":{""multiplier"":0.00556,""label"":""g"",""step"":10,""min"":30,""max"":600}}",mfp_avg
hakka-noodles-veg,Hakka noodles (veg),,rice_biryani,bowl,290,7.0,1 katori (~180g),hakka noodles|veg noodles|chow mein,veg|indo_chinese|restaurant,false,false,75,bowl_scale,"{""default_key"":""regular"",""options"":[{""key"":""small"",""label"":""Small"",""hint"":""½ katori / light"",""multiplier"":0.75},{""key"":""regular"",""label"":""Regular"",""hint"":""1 katori (~180g)"",""multiplier"":1.0},{""key"":""large"",""label"":""Large"",""hint"":""Full bowl / generous"",""multiplier"":1.35}]}","{""bowl"":{""multiplier"":1,""label"":""bowl"",""step"":0.5,""min"":0.5,""max"":4},""gram"":{""multiplier"":0.00556,""label"":""g"",""step"":10,""min"":30,""max"":600}}",mfp_avg
chicken-hakka-noodles,Chicken hakka noodles,,rice_biryani,bowl,335,13.0,1 katori (~180g),chicken noodles|chicken hakka,non_veg|indo_chinese|restaurant,false,false,65,bowl_scale,"{""default_key"":""regular"",""options"":[{""key"":""small"",""label"":""Small"",""hint"":""½ katori / light"",""multiplier"":0.75},{""key"":""regular"",""label"":""Regular"",""hint"":""1 katori (~180g)"",""multiplier"":1.0},{""key"":""large"",""label"":""Large"",""hint"":""Full bowl / generous"",""multiplier"":1.35}]}","{""bowl"":{""multiplier"":1,""label"":""bowl"",""step"":0.5,""min"":0.5,""max"":4},""gram"":{""multiplier"":0.00556,""label"":""g"",""step"":10,""min"":30,""max"":600}}",mfp_avg
schezwan-noodles,Schezwan noodles (veg),,rice_biryani,bowl,310,7.0,1 katori (~180g),schezwan noodles|spicy noodles,veg|indo_chinese|restaurant,false,false,55,bowl_scale,"{""default_key"":""regular"",""options"":[{""key"":""small"",""label"":""Small"",""hint"":""½ katori / light"",""multiplier"":0.75},{""key"":""regular"",""label"":""Regular"",""hint"":""1 katori (~180g)"",""multiplier"":1.0},{""key"":""large"",""label"":""Large"",""hint"":""Full bowl / generous"",""multiplier"":1.35}]}","{""bowl"":{""multiplier"":1,""label"":""bowl"",""step"":0.5,""min"":0.5,""max"":4},""gram"":{""multiplier"":0.00556,""label"":""g"",""step"":10,""min"":30,""max"":600}}",mfp_avg
sambar-rice,Sambar rice / Bisi bele bath,,rice_biryani,bowl,265,8.5,1 katori (~180g),sambar rice|bisi bele bath|bbb,veg|south_indian|home_cooked,false,true,50,bowl_scale,"{""default_key"":""regular"",""options"":[{""key"":""small"",""label"":""Small"",""hint"":""½ katori / light"",""multiplier"":0.75},{""key"":""regular"",""label"":""Regular"",""hint"":""1 katori (~180g)"",""multiplier"":1.0},{""key"":""large"",""label"":""Large"",""hint"":""Full bowl / generous"",""multiplier"":1.35}]}","{""bowl"":{""multiplier"":1,""label"":""bowl"",""step"":0.5,""min"":0.5,""max"":4},""gram"":{""multiplier"":0.00556,""label"":""g"",""step"":10,""min"":30,""max"":600}}",mfp_avg
pulihora,Tamarind rice / Pulihora,,rice_biryani,bowl,290,4.5,1 katori (~180g),tamarind rice|pulihora|puliyodarai,veg|south_indian,false,true,35,bowl_scale,"{""default_key"":""regular"",""options"":[{""key"":""small"",""label"":""Small"",""hint"":""½ katori / light"",""multiplier"":0.75},{""key"":""regular"",""label"":""Regular"",""hint"":""1 katori (~180g)"",""multiplier"":1.0},{""key"":""large"",""label"":""Large"",""hint"":""Full bowl / generous"",""multiplier"":1.35}]}","{""bowl"":{""multiplier"":1,""label"":""bowl"",""step"":0.5,""min"":0.5,""max"":4},""gram"":{""multiplier"":0.00556,""label"":""g"",""step"":10,""min"":30,""max"":600}}",mfp_avg
khichdi-moong,Khichdi (yellow moong),खिचड़ी,rice_biryani,bowl,235,8.5,1 katori (~180g),khichdi|moong khichdi|khichri,veg|home_cooked|easy_digest,false,true,85,bowl_scale,"{""default_key"":""regular"",""options"":[{""key"":""small"",""label"":""Small"",""hint"":""½ katori / light"",""multiplier"":0.75},{""key"":""regular"",""label"":""Regular"",""hint"":""1 katori (~180g)"",""multiplier"":1.0},{""key"":""large"",""label"":""Large"",""hint"":""Full bowl / generous"",""multiplier"":1.35}]}","{""bowl"":{""multiplier"":1,""label"":""bowl"",""step"":0.5,""min"":0.5,""max"":4},""gram"":{""multiplier"":0.00556,""label"":""g"",""step"":10,""min"":30,""max"":600}}",ifct_2017
masala-khichdi,Masala khichdi,मसाला खिचड़ी,rice_biryani,bowl,265,8.5,1 katori (~180g),masala khichdi|veg khichdi,veg|home_cooked,false,true,65,bowl_scale,"{""default_key"":""regular"",""options"":[{""key"":""small"",""label"":""Small"",""hint"":""½ katori / light"",""multiplier"":0.75},{""key"":""regular"",""label"":""Regular"",""hint"":""1 katori (~180g)"",""multiplier"":1.0},{""key"":""large"",""label"":""Large"",""hint"":""Full bowl / generous"",""multiplier"":1.35}]}","{""bowl"":{""multiplier"":1,""label"":""bowl"",""step"":0.5,""min"":0.5,""max"":4},""gram"":{""multiplier"":0.00556,""label"":""g"",""step"":10,""min"":30,""max"":600}}",mfp_avg
pongal-ven,Ven pongal,,rice_biryani,bowl,265,8.5,1 katori (~180g),pongal|ven pongal|khara pongal,veg|south_indian,false,true,50,bowl_scale,"{""default_key"":""regular"",""options"":[{""key"":""small"",""label"":""Small"",""hint"":""½ katori / light"",""multiplier"":0.75},{""key"":""regular"",""label"":""Regular"",""hint"":""1 katori (~180g)"",""multiplier"":1.0},{""key"":""large"",""label"":""Large"",""hint"":""Full bowl / generous"",""multiplier"":1.35}]}","{""bowl"":{""multiplier"":1,""label"":""bowl"",""step"":0.5,""min"":0.5,""max"":4},""gram"":{""multiplier"":0.00556,""label"":""g"",""step"":10,""min"":30,""max"":600}}",mfp_avg
upma,Rava upma,उपमा,rice_biryani,bowl,240,6.0,1 katori (~180g),upma|rava upma|sooji upma,veg|south_indian|breakfast|home_cooked,false,true,80,bowl_scale,"{""default_key"":""regular"",""options"":[{""key"":""small"",""label"":""Small"",""hint"":""½ katori / light"",""multiplier"":0.75},{""key"":""regular"",""label"":""Regular"",""hint"":""1 katori (~180g)"",""multiplier"":1.0},{""key"":""large"",""label"":""Large"",""hint"":""Full bowl / generous"",""multiplier"":1.35}]}","{""bowl"":{""multiplier"":1,""label"":""bowl"",""step"":0.5,""min"":0.5,""max"":4},""gram"":{""multiplier"":0.00556,""label"":""g"",""step"":10,""min"":30,""max"":600}}",mfp_avg
poha,Poha,पोहा,rice_biryani,bowl,265,5.5,1 katori (~180g),poha|aval|flattened rice,veg|breakfast|home_cooked,false,true,90,bowl_scale,"{""default_key"":""regular"",""options"":[{""key"":""small"",""label"":""Small"",""hint"":""½ katori / light"",""multiplier"":0.75},{""key"":""regular"",""label"":""Regular"",""hint"":""1 katori (~180g)"",""multiplier"":1.0},{""key"":""large"",""label"":""Large"",""hint"":""Full bowl / generous"",""multiplier"":1.35}]}","{""bowl"":{""multiplier"":1,""label"":""bowl"",""step"":0.5,""min"":0.5,""max"":4},""gram"":{""multiplier"":0.00556,""label"":""g"",""step"":10,""min"":30,""max"":600}}",mfp_avg
vermicelli-upma,Vermicelli upma,सेवइयां उपमा,rice_biryani,bowl,260,5.0,1 katori (~180g),vermicelli upma|semiya upma|sevai upma,veg|breakfast|home_cooked,false,true,55,bowl_scale,"{""default_key"":""regular"",""options"":[{""key"":""small"",""label"":""Small"",""hint"":""½ katori / light"",""multiplier"":0.75},{""key"":""regular"",""label"":""Regular"",""hint"":""1 katori (~180g)"",""multiplier"":1.0},{""key"":""large"",""label"":""Large"",""hint"":""Full bowl / generous"",""multiplier"":1.35}]}","{""bowl"":{""multiplier"":1,""label"":""bowl"",""step"":0.5,""min"":0.5,""max"":4},""gram"":{""multiplier"":0.00556,""label"":""g"",""step"":10,""min"":30,""max"":600}}",mfp_avg
daliya-namkeen,Daliya (savoury),दलिया,rice_biryani,bowl,210,7.0,1 katori (~180g),daliya|broken wheat|bulgur,veg|breakfast|high_fiber|home_cooked,false,true,50,bowl_scale,"{""default_key"":""regular"",""options"":[{""key"":""small"",""label"":""Small"",""hint"":""½ katori / light"",""multiplier"":0.75},{""key"":""regular"",""label"":""Regular"",""hint"":""1 katori (~180g)"",""multiplier"":1.0},{""key"":""large"",""label"":""Large"",""hint"":""Full bowl / generous"",""multiplier"":1.35}]}","{""bowl"":{""multiplier"":1,""label"":""bowl"",""step"":0.5,""min"":0.5,""max"":4},""gram"":{""multiplier"":0.00556,""label"":""g"",""step"":10,""min"":30,""max"":600}}",ifct_2017
oats-cooked,Oats (cooked with water),ओट्स,rice_biryani,bowl,130,5.0,1 katori (~180g),oats|oatmeal|porridge,veg|breakfast|high_fiber,false,true,75,bowl_scale,"{""default_key"":""regular"",""options"":[{""key"":""small"",""label"":""Small"",""hint"":""½ katori / light"",""multiplier"":0.75},{""key"":""regular"",""label"":""Regular"",""hint"":""1 katori (~180g)"",""multiplier"":1.0},{""key"":""large"",""label"":""Large"",""hint"":""Full bowl / generous"",""multiplier"":1.35}]}","{""bowl"":{""multiplier"":1,""label"":""bowl"",""step"":0.5,""min"":0.5,""max"":4},""gram"":{""multiplier"":0.00556,""label"":""g"",""step"":10,""min"":30,""max"":600}}",usda_fdc
masala-oats,Masala oats,,rice_biryani,bowl,180,7.0,1 katori (~180g),masala oats|savoury oats,veg|breakfast|high_fiber,false,true,55,bowl_scale,"{""default_key"":""regular"",""options"":[{""key"":""small"",""label"":""Small"",""hint"":""½ katori / light"",""multiplier"":0.75},{""key"":""regular"",""label"":""Regular"",""hint"":""1 katori (~180g)"",""multiplier"":1.0},{""key"":""large"",""label"":""Large"",""hint"":""Full bowl / generous"",""multiplier"":1.35}]}","{""bowl"":{""multiplier"":1,""label"":""bowl"",""step"":0.5,""min"":0.5,""max"":4},""gram"":{""multiplier"":0.00556,""label"":""g"",""step"":10,""min"":30,""max"":600}}",mfp_avg
quinoa-cooked,Quinoa (cooked),,rice_biryani,bowl,210,7.5,1 katori (~180g),quinoa,veg|high_protein|high_fiber,false,true,45,bowl_scale,"{""default_key"":""regular"",""options"":[{""key"":""small"",""label"":""Small"",""hint"":""½ katori / light"",""multiplier"":0.75},{""key"":""regular"",""label"":""Regular"",""hint"":""1 katori (~180g)"",""multiplier"":1.0},{""key"":""large"",""label"":""Large"",""hint"":""Full bowl / generous"",""multiplier"":1.35}]}","{""bowl"":{""multiplier"":1,""label"":""bowl"",""step"":0.5,""min"":0.5,""max"":4},""gram"":{""multiplier"":0.00556,""label"":""g"",""step"":10,""min"":30,""max"":600}}",usda_fdc
dal-tadka,Dal tadka,दाल तड़का,dal_legumes,bowl,180,8.5,1 katori (~180g),dal|dal tadka|tadka dal|yellow dal,veg|home_cooked|high_protein,false,true,95,bowl_scale,"{""default_key"":""regular"",""options"":[{""key"":""small"",""label"":""Small"",""hint"":""½ katori / light"",""multiplier"":0.75},{""key"":""regular"",""label"":""Regular"",""hint"":""1 katori (~180g)"",""multiplier"":1.0},{""key"":""large"",""label"":""Large"",""hint"":""Full bowl / generous"",""multiplier"":1.35}]}","{""bowl"":{""multiplier"":1,""label"":""bowl"",""step"":0.5,""min"":0.5,""max"":4},""cup"":{""multiplier"":0.8,""label"":""cup"",""step"":0.5,""min"":0.5,""max"":3},""gram"":{""multiplier"":0.00556,""label"":""g"",""step"":10,""min"":30,""max"":600}}",ifct_2017
dal-fry,Dal fry,दाल फ्राई,dal_legumes,bowl,175,8.5,1 katori (~180g),dal fry|dal,veg|restaurant|high_protein,false,false,85,bowl_scale,"{""default_key"":""regular"",""options"":[{""key"":""small"",""label"":""Small"",""hint"":""½ katori / light"",""multiplier"":0.75},{""key"":""regular"",""label"":""Regular"",""hint"":""1 katori (~180g)"",""multiplier"":1.0},{""key"":""large"",""label"":""Large"",""hint"":""Full bowl / generous"",""multiplier"":1.35}]}","{""bowl"":{""multiplier"":1,""label"":""bowl"",""step"":0.5,""min"":0.5,""max"":4},""cup"":{""multiplier"":0.8,""label"":""cup"",""step"":0.5,""min"":0.5,""max"":3},""gram"":{""multiplier"":0.00556,""label"":""g"",""step"":10,""min"":30,""max"":600}}",mfp_avg
dal-makhani,Dal makhani,दाल मखनी,dal_legumes,bowl,265,9.5,1 katori (~180g),dal makhani|maa ki dal,veg|restaurant|high_protein,false,false,80,bowl_scale,"{""default_key"":""regular"",""options"":[{""key"":""small"",""label"":""Small"",""hint"":""½ katori / light"",""multiplier"":0.75},{""key"":""regular"",""label"":""Regular"",""hint"":""1 katori (~180g)"",""multiplier"":1.0},{""key"":""large"",""label"":""Large"",""hint"":""Full bowl / generous"",""multiplier"":1.35}]}","{""bowl"":{""multiplier"":1,""label"":""bowl"",""step"":0.5,""min"":0.5,""max"":4},""cup"":{""multiplier"":0.8,""label"":""cup"",""step"":0.5,""min"":0.5,""max"":3},""gram"":{""multiplier"":0.00556,""label"":""g"",""step"":10,""min"":30,""max"":600}}",mfp_avg
toor-dal,Toor dal / Arhar,तूर दाल,dal_legumes,bowl,175,8.5,1 katori (~180g),toor dal|arhar dal|pigeon pea dal,veg|home_cooked|high_protein,false,true,70,bowl_scale,"{""default_key"":""regular"",""options"":[{""key"":""small"",""label"":""Small"",""hint"":""½ katori / light"",""multiplier"":0.75},{""key"":""regular"",""label"":""Regular"",""hint"":""1 katori (~180g)"",""multiplier"":1.0},{""key"":""large"",""label"":""Large"",""hint"":""Full bowl / generous"",""multiplier"":1.35}]}","{""bowl"":{""multiplier"":1,""label"":""bowl"",""step"":0.5,""min"":0.5,""max"":4},""cup"":{""multiplier"":0.8,""label"":""cup"",""step"":0.5,""min"":0.5,""max"":3},""gram"":{""multiplier"":0.00556,""label"":""g"",""step"":10,""min"":30,""max"":600}}",ifct_2017
moong-dal,Moong dal (yellow),मूंग दाल,dal_legumes,bowl,160,9.5,1 katori (~180g),moong dal|yellow moong dal,veg|home_cooked|high_protein|easy_digest,false,true,75,bowl_scale,"{""default_key"":""regular"",""options"":[{""key"":""small"",""label"":""Small"",""hint"":""½ katori / light"",""multiplier"":0.75},{""key"":""regular"",""label"":""Regular"",""hint"":""1 katori (~180g)"",""multiplier"":1.0},{""key"":""large"",""label"":""Large"",""hint"":""Full bowl / generous"",""multiplier"":1.35}]}","{""bowl"":{""multiplier"":1,""label"":""bowl"",""step"":0.5,""min"":0.5,""max"":4},""cup"":{""multiplier"":0.8,""label"":""cup"",""step"":0.5,""min"":0.5,""max"":3},""gram"":{""multiplier"":0.00556,""label"":""g"",""step"":10,""min"":30,""max"":600}}",ifct_2017
masoor-dal,Masoor dal,मसूर दाल,dal_legumes,bowl,170,9.5,1 katori (~180g),masoor dal|red lentil dal,veg|home_cooked|high_protein,false,true,65,bowl_scale,"{""default_key"":""regular"",""options"":[{""key"":""small"",""label"":""Small"",""hint"":""½ katori / light"",""multiplier"":0.75},{""key"":""regular"",""label"":""Regular"",""hint"":""1 katori (~180g)"",""multiplier"":1.0},{""key"":""large"",""label"":""Large"",""hint"":""Full bowl / generous"",""multiplier"":1.35}]}","{""bowl"":{""multiplier"":1,""label"":""bowl"",""step"":0.5,""min"":0.5,""max"":4},""cup"":{""multiplier"":0.8,""label"":""cup"",""step"":0.5,""min"":0.5,""max"":3},""gram"":{""multiplier"":0.00556,""label"":""g"",""step"":10,""min"":30,""max"":600}}",ifct_2017
chana-dal,Chana dal,चना दाल,dal_legumes,bowl,200,11.0,1 katori (~180g),chana dal|bengal gram dal,veg|home_cooked|high_protein,false,true,65,bowl_scale,"{""default_key"":""regular"",""options"":[{""key"":""small"",""label"":""Small"",""hint"":""½ katori / light"",""multiplier"":0.75},{""key"":""regular"",""label"":""Regular"",""hint"":""1 katori (~180g)"",""multiplier"":1.0},{""key"":""large"",""label"":""Large"",""hint"":""Full bowl / generous"",""multiplier"":1.35}]}","{""bowl"":{""multiplier"":1,""label"":""bowl"",""step"":0.5,""min"":0.5,""max"":4},""cup"":{""multiplier"":0.8,""label"":""cup"",""step"":0.5,""min"":0.5,""max"":3},""gram"":{""multiplier"":0.00556,""label"":""g"",""step"":10,""min"":30,""max"":600}}",ifct_2017
urad-dal,Urad dal / Maa ki dal,उड़द दाल,dal_legumes,bowl,225,9.5,1 katori (~180g),urad dal|maa ki dal|kaali dal,veg|home_cooked|high_protein,false,true,60,bowl_scale,"{""default_key"":""regular"",""options"":[{""key"":""small"",""label"":""Small"",""hint"":""½ katori / light"",""multiplier"":0.75},{""key"":""regular"",""label"":""Regular"",""hint"":""1 katori (~180g)"",""multiplier"":1.0},{""key"":""large"",""label"":""Large"",""hint"":""Full bowl / generous"",""multiplier"":1.35}]}","{""bowl"":{""multiplier"":1,""label"":""bowl"",""step"":0.5,""min"":0.5,""max"":4},""cup"":{""multiplier"":0.8,""label"":""cup"",""step"":0.5,""min"":0.5,""max"":3},""gram"":{""multiplier"":0.00556,""label"":""g"",""step"":10,""min"":30,""max"":600}}",ifct_2017
dal-palak,Dal palak,दाल पालक,dal_legumes,bowl,195,9.5,1 katori (~180g),dal palak|spinach dal,veg|home_cooked|high_protein,false,true,55,bowl_scale,"{""default_key"":""regular"",""options"":[{""key"":""small"",""label"":""Small"",""hint"":""½ katori / light"",""multiplier"":0.75},{""key"":""regular"",""label"":""Regular"",""hint"":""1 katori (~180g)"",""multiplier"":1.0},{""key"":""large"",""label"":""Large"",""hint"":""Full bowl / generous"",""multiplier"":1.35}]}","{""bowl"":{""multiplier"":1,""label"":""bowl"",""step"":0.5,""min"":0.5,""max"":4},""cup"":{""multiplier"":0.8,""label"":""cup"",""step"":0.5,""min"":0.5,""max"":3},""gram"":{""multiplier"":0.00556,""label"":""g"",""step"":10,""min"":30,""max"":600}}",mfp_avg
panchmel-dal,Panchmel dal,पंचमेल दाल,dal_legumes,bowl,200,11.0,1 katori (~180g),panchmel dal|five lentil dal,veg|home_cooked|high_protein,false,true,40,bowl_scale,"{""default_key"":""regular"",""options"":[{""key"":""small"",""label"":""Small"",""hint"":""½ katori / light"",""multiplier"":0.75},{""key"":""regular"",""label"":""Regular"",""hint"":""1 katori (~180g)"",""multiplier"":1.0},{""key"":""large"",""label"":""Large"",""hint"":""Full bowl / generous"",""multiplier"":1.35}]}","{""bowl"":{""multiplier"":1,""label"":""bowl"",""step"":0.5,""min"":0.5,""max"":4},""cup"":{""multiplier"":0.8,""label"":""cup"",""step"":0.5,""min"":0.5,""max"":3},""gram"":{""multiplier"":0.00556,""label"":""g"",""step"":10,""min"":30,""max"":600}}",mfp_avg
sambar,Sambar,सांभर,dal_legumes,bowl,125,6.0,1 katori (~180g),sambar|sambhar,veg|south_indian|home_cooked,false,true,80,bowl_scale,"{""default_key"":""regular"",""options"":[{""key"":""small"",""label"":""Small"",""hint"":""½ katori / light"",""multiplier"":0.75},{""key"":""regular"",""label"":""Regular"",""hint"":""1 katori (~180g)"",""multiplier"":1.0},{""key"":""large"",""label"":""Large"",""hint"":""Full bowl / generous"",""multiplier"":1.35}]}","{""bowl"":{""multiplier"":1,""label"":""bowl"",""step"":0.5,""min"":0.5,""max"":4},""cup"":{""multiplier"":0.8,""label"":""cup"",""step"":0.5,""min"":0.5,""max"":3},""gram"":{""multiplier"":0.00556,""label"":""g"",""step"":10,""min"":30,""max"":600}}",ifct_2017
rasam,Rasam,रसम,dal_legumes,bowl,75,2.5,1 katori (~180g),rasam|saaru,veg|south_indian|home_cooked|light,false,true,60,bowl_scale,"{""default_key"":""regular"",""options"":[{""key"":""small"",""label"":""Small"",""hint"":""½ katori / light"",""multiplier"":0.75},{""key"":""regular"",""label"":""Regular"",""hint"":""1 katori (~180g)"",""multiplier"":1.0},{""key"":""large"",""label"":""Large"",""hint"":""Full bowl / generous"",""multiplier"":1.35}]}","{""bowl"":{""multiplier"":1,""label"":""bowl"",""step"":0.5,""min"":0.5,""max"":4},""cup"":{""multiplier"":0.8,""label"":""cup"",""step"":0.5,""min"":0.5,""max"":3},""gram"":{""multiplier"":0.00556,""label"":""g"",""step"":10,""min"":30,""max"":600}}",ifct_2017
rajma,Rajma,राजमा,dal_legumes,bowl,210,11.0,1 katori (~180g),rajma|kidney beans curry,veg|home_cooked|high_protein,false,true,88,bowl_scale,"{""default_key"":""regular"",""options"":[{""key"":""small"",""label"":""Small"",""hint"":""½ katori / light"",""multiplier"":0.75},{""key"":""regular"",""label"":""Regular"",""hint"":""1 katori (~180g)"",""multiplier"":1.0},{""key"":""large"",""label"":""Large"",""hint"":""Full bowl / generous"",""multiplier"":1.35}]}","{""bowl"":{""multiplier"":1,""label"":""bowl"",""step"":0.5,""min"":0.5,""max"":4},""cup"":{""multiplier"":0.8,""label"":""cup"",""step"":0.5,""min"":0.5,""max"":3},""gram"":{""multiplier"":0.00556,""label"":""g"",""step"":10,""min"":30,""max"":600}}",ifct_2017
chole,Chole / Chana masala,छोले,dal_legumes,bowl,235,11.0,1 katori (~180g),chole|chana masala|chickpea curry,veg|home_cooked|high_protein,false,true,85,bowl_scale,"{""default_key"":""regular"",""options"":[{""key"":""small"",""label"":""Small"",""hint"":""½ katori / light"",""multiplier"":0.75},{""key"":""regular"",""label"":""Regular"",""hint"":""1 katori (~180g)"",""multiplier"":1.0},{""key"":""large"",""label"":""Large"",""hint"":""Full bowl / generous"",""multiplier"":1.35}]}","{""bowl"":{""multiplier"":1,""label"":""bowl"",""step"":0.5,""min"":0.5,""max"":4},""cup"":{""multiplier"":0.8,""label"":""cup"",""step"":0.5,""min"":0.5,""max"":3},""gram"":{""multiplier"":0.00556,""label"":""g"",""step"":10,""min"":30,""max"":600}}",ifct_2017
kala-chana,Kala chana,काला चना,dal_legumes,bowl,215,12.0,1 katori (~180g),kala chana|black chickpea|bengal gram,veg|home_cooked|high_protein,false,true,50,bowl_scale,"{""default_key"":""regular"",""options"":[{""key"":""small"",""label"":""Small"",""hint"":""½ katori / light"",""multiplier"":0.75},{""key"":""regular"",""label"":""Regular"",""hint"":""1 katori (~180g)"",""multiplier"":1.0},{""key"":""large"",""label"":""Large"",""hint"":""Full bowl / generous"",""multiplier"":1.35}]}","{""bowl"":{""multiplier"":1,""label"":""bowl"",""step"":0.5,""min"":0.5,""max"":4},""cup"":{""multiplier"":0.8,""label"":""cup"",""step"":0.5,""min"":0.5,""max"":3},""gram"":{""multiplier"":0.00556,""label"":""g"",""step"":10,""min"":30,""max"":600}}",ifct_2017
lobia,Lobia (Black-eyed peas),लोबिया,dal_legumes,bowl,205,11.0,1 katori (~180g),lobia|black-eyed peas|chawli,veg|home_cooked|high_protein,false,true,40,bowl_scale,"{""default_key"":""regular"",""options"":[{""key"":""small"",""label"":""Small"",""hint"":""½ katori / light"",""multiplier"":0.75},{""key"":""regular"",""label"":""Regular"",""hint"":""1 katori (~180g)"",""multiplier"":1.0},{""key"":""large"",""label"":""Large"",""hint"":""Full bowl / generous"",""multiplier"":1.35}]}","{""bowl"":{""multiplier"":1,""label"":""bowl"",""step"":0.5,""min"":0.5,""max"":4},""cup"":{""multiplier"":0.8,""label"":""cup"",""step"":0.5,""min"":0.5,""max"":3},""gram"":{""multiplier"":0.00556,""label"":""g"",""step"":10,""min"":30,""max"":600}}",ifct_2017
whole-green-moong,Whole green moong,हरा मूंग,dal_legumes,bowl,210,13.0,1 katori (~180g),green moong|whole moong|sabut moong,veg|home_cooked|high_protein,false,true,50,bowl_scale,"{""default_key"":""regular"",""options"":[{""key"":""small"",""label"":""Small"",""hint"":""½ katori / light"",""multiplier"":0.75},{""key"":""regular"",""label"":""Regular"",""hint"":""1 katori (~180g)"",""multiplier"":1.0},{""key"":""large"",""label"":""Large"",""hint"":""Full bowl / generous"",""multiplier"":1.35}]}","{""bowl"":{""multiplier"":1,""label"":""bowl"",""step"":0.5,""min"":0.5,""max"":4},""cup"":{""multiplier"":0.8,""label"":""cup"",""step"":0.5,""min"":0.5,""max"":3},""gram"":{""multiplier"":0.00556,""label"":""g"",""step"":10,""min"":30,""max"":600}}",ifct_2017
sprouts-moong,Moong sprouts,अंकुरित मूंग,dal_legumes,bowl,155,11.0,1 katori (~180g),sprouts|moong sprouts|ankurit moong,veg|home_cooked|high_protein|low_cal,false,true,55,bowl_scale,"{""default_key"":""regular"",""options"":[{""key"":""small"",""label"":""Small"",""hint"":""½ katori / light"",""multiplier"":0.75},{""key"":""regular"",""label"":""Regular"",""hint"":""1 katori (~180g)"",""multiplier"":1.0},{""key"":""large"",""label"":""Large"",""hint"":""Full bowl / generous"",""multiplier"":1.35}]}","{""bowl"":{""multiplier"":1,""label"":""bowl"",""step"":0.5,""min"":0.5,""max"":4},""cup"":{""multiplier"":0.8,""label"":""cup"",""step"":0.5,""min"":0.5,""max"":3},""gram"":{""multiplier"":0.00556,""label"":""g"",""step"":10,""min"":30,""max"":600}}",ifct_2017
pindi-chole,Pindi chole,पिंडी छोले,dal_legumes,bowl,250,11.0,1 katori (~180g),pindi chole|amritsari chole,veg|restaurant|high_protein,false,false,45,bowl_scale,"{""default_key"":""regular"",""options"":[{""key"":""small"",""label"":""Small"",""hint"":""½ katori / light"",""multiplier"":0.75},{""key"":""regular"",""label"":""Regular"",""hint"":""1 katori (~180g)"",""multiplier"":1.0},{""key"":""large"",""label"":""Large"",""hint"":""Full bowl / generous"",""multiplier"":1.35}]}","{""bowl"":{""multiplier"":1,""label"":""bowl"",""step"":0.5,""min"":0.5,""max"":4},""cup"":{""multiplier"":0.8,""label"":""cup"",""step"":0.5,""min"":0.5,""max"":3},""gram"":{""multiplier"":0.00556,""label"":""g"",""step"":10,""min"":30,""max"":600}}",mfp_avg
paneer-butter-masala,Paneer butter masala,पनीर बटर मसाला,veg_curry,bowl,385,16.0,1 katori (~180g),paneer butter masala|pbm|paneer makhani,veg|restaurant|high_protein,false,false,95,bowl_scale,"{""default_key"":""regular"",""options"":[{""key"":""small"",""label"":""Small"",""hint"":""½ katori / light"",""multiplier"":0.75},{""key"":""regular"",""label"":""Regular"",""hint"":""1 katori (~180g)"",""multiplier"":1.0},{""key"":""large"",""label"":""Large"",""hint"":""Full bowl / generous"",""multiplier"":1.35}]}","{""bowl"":{""multiplier"":1,""label"":""bowl"",""step"":0.5,""min"":0.5,""max"":4},""gram"":{""multiplier"":0.00556,""label"":""g"",""step"":10,""min"":30,""max"":600}}",mfp_avg
shahi-paneer,Shahi paneer,शाही पनीर,veg_curry,bowl,370,15.5,1 katori (~180g),shahi paneer,veg|restaurant|high_protein,false,false,75,bowl_scale,"{""default_key"":""regular"",""options"":[{""key"":""small"",""label"":""Small"",""hint"":""½ katori / light"",""multiplier"":0.75},{""key"":""regular"",""label"":""Regular"",""hint"":""1 katori (~180g)"",""multiplier"":1.0},{""key"":""large"",""label"":""Large"",""hint"":""Full bowl / generous"",""multiplier"":1.35}]}","{""bowl"":{""multiplier"":1,""label"":""bowl"",""step"":0.5,""min"":0.5,""max"":4},""gram"":{""multiplier"":0.00556,""label"":""g"",""step"":10,""min"":30,""max"":600}}",mfp_avg
paneer-tikka-masala,Paneer tikka masala,पनीर टिक्का मसाला,veg_curry,bowl,350,16.5,1 katori (~180g),paneer tikka masala|ptm,veg|restaurant|high_protein,false,false,80,bowl_scale,"{""default_key"":""regular"",""options"":[{""key"":""small"",""label"":""Small"",""hint"":""½ katori / light"",""multiplier"":0.75},{""key"":""regular"",""label"":""Regular"",""hint"":""1 katori (~180g)"",""multiplier"":1.0},{""key"":""large"",""label"":""Large"",""hint"":""Full bowl / generous"",""multiplier"":1.35}]}","{""bowl"":{""multiplier"":1,""label"":""bowl"",""step"":0.5,""min"":0.5,""max"":4},""gram"":{""multiplier"":0.00556,""label"":""g"",""step"":10,""min"":30,""max"":600}}",mfp_avg
kadai-paneer,Kadai paneer,कढ़ाई पनीर,veg_curry,bowl,335,16.5,1 katori (~180g),kadai paneer|karahi paneer,veg|restaurant|high_protein,false,false,78,bowl_scale,"{""default_key"":""regular"",""options"":[{""key"":""small"",""label"":""Small"",""hint"":""½ katori / light"",""multiplier"":0.75},{""key"":""regular"",""label"":""Regular"",""hint"":""1 katori (~180g)"",""multiplier"":1.0},{""key"":""large"",""label"":""Large"",""hint"":""Full bowl / generous"",""multiplier"":1.35}]}","{""bowl"":{""multiplier"":1,""label"":""bowl"",""step"":0.5,""min"":0.5,""max"":4},""gram"":{""multiplier"":0.00556,""label"":""g"",""step"":10,""min"":30,""max"":600}}",mfp_avg
palak-paneer,Palak paneer,पालक पनीर,veg_curry,bowl,290,15.5,1 katori (~180g),palak paneer|saag paneer,veg|home_cooked|high_protein,false,true,88,bowl_scale,"{""default_key"":""regular"",""options"":[{""key"":""small"",""label"":""Small"",""hint"":""½ katori / light"",""multiplier"":0.75},{""key"":""regular"",""label"":""Regular"",""hint"":""1 katori (~180g)"",""multiplier"":1.0},{""key"":""large"",""label"":""Large"",""hint"":""Full bowl / generous"",""multiplier"":1.35}]}","{""bowl"":{""multiplier"":1,""label"":""bowl"",""step"":0.5,""min"":0.5,""max"":4},""gram"":{""multiplier"":0.00556,""label"":""g"",""step"":10,""min"":30,""max"":600}}",ifct_2017
matar-paneer,Matar paneer,मटर पनीर,veg_curry,bowl,310,15.5,1 katori (~180g),matar paneer|peas paneer,veg|home_cooked|high_protein,false,true,80,bowl_scale,"{""default_key"":""regular"",""options"":[{""key"":""small"",""label"":""Small"",""hint"":""½ katori / light"",""multiplier"":0.75},{""key"":""regular"",""label"":""Regular"",""hint"":""1 katori (~180g)"",""multiplier"":1.0},{""key"":""large"",""label"":""Large"",""hint"":""Full bowl / generous"",""multiplier"":1.35}]}","{""bowl"":{""multiplier"":1,""label"":""bowl"",""step"":0.5,""min"":0.5,""max"":4},""gram"":{""multiplier"":0.00556,""label"":""g"",""step"":10,""min"":30,""max"":600}}",mfp_avg
malai-kofta,Malai kofta,मलाई कोफ्ता,veg_curry,bowl,385,9.5,1 katori (~180g),malai kofta,veg|restaurant,false,false,65,bowl_scale,"{""default_key"":""regular"",""options"":[{""key"":""small"",""label"":""Small"",""hint"":""½ katori / light"",""multiplier"":0.75},{""key"":""regular"",""label"":""Regular"",""hint"":""1 katori (~180g)"",""multiplier"":1.0},{""key"":""large"",""label"":""Large"",""hint"":""Full bowl / generous"",""multiplier"":1.35}]}","{""bowl"":{""multiplier"":1,""label"":""bowl"",""step"":0.5,""min"":0.5,""max"":4},""gram"":{""multiplier"":0.00556,""label"":""g"",""step"":10,""min"":30,""max"":600}}",mfp_avg
veg-kofta,Veg kofta,वेज कोफ्ता,veg_curry,bowl,325,7.0,1 katori (~180g),veg kofta|lauki kofta,veg|home_cooked,false,true,35,bowl_scale,"{""default_key"":""regular"",""options"":[{""key"":""small"",""label"":""Small"",""hint"":""½ katori / light"",""multiplier"":0.75},{""key"":""regular"",""label"":""Regular"",""hint"":""1 katori (~180g)"",""multiplier"":1.0},{""key"":""large"",""label"":""Large"",""hint"":""Full bowl / generous"",""multiplier"":1.35}]}","{""bowl"":{""multiplier"":1,""label"":""bowl"",""step"":0.5,""min"":0.5,""max"":4},""gram"":{""multiplier"":0.00556,""label"":""g"",""step"":10,""min"":30,""max"":600}}",mfp_avg
aloo-gobi,Aloo gobi,आलू गोभी,veg_curry,bowl,200,4.5,1 katori (~180g),aloo gobi|potato cauliflower,veg|home_cooked,false,true,80,bowl_scale,"{""default_key"":""regular"",""options"":[{""key"":""small"",""label"":""Small"",""hint"":""½ katori / light"",""multiplier"":0.75},{""key"":""regular"",""label"":""Regular"",""hint"":""1 katori (~180g)"",""multiplier"":1.0},{""key"":""large"",""label"":""Large"",""hint"":""Full bowl / generous"",""multiplier"":1.35}]}","{""bowl"":{""multiplier"":1,""label"":""bowl"",""step"":0.5,""min"":0.5,""max"":4},""gram"":{""multiplier"":0.00556,""label"":""g"",""step"":10,""min"":30,""max"":600}}",ifct_2017
aloo-matar,Aloo matar,आलू मटर,veg_curry,bowl,205,5.5,1 katori (~180g),aloo matar|potato peas,veg|home_cooked,false,true,70,bowl_scale,"{""default_key"":""regular"",""options"":[{""key"":""small"",""label"":""Small"",""hint"":""½ katori / light"",""multiplier"":0.75},{""key"":""regular"",""label"":""Regular"",""hint"":""1 katori (~180g)"",""multiplier"":1.0},{""key"":""large"",""label"":""Large"",""hint"":""Full bowl / generous"",""multiplier"":1.35}]}","{""bowl"":{""multiplier"":1,""label"":""bowl"",""step"":0.5,""min"":0.5,""max"":4},""gram"":{""multiplier"":0.00556,""label"":""g"",""step"":10,""min"":30,""max"":600}}",ifct_2017
aloo-baingan,Aloo baingan,आलू बैंगन,veg_curry,bowl,170,3.5,1 katori (~180g),aloo baingan|potato brinjal,veg|home_cooked,false,true,40,bowl_scale,"{""default_key"":""regular"",""options"":[{""key"":""small"",""label"":""Small"",""hint"":""½ katori / light"",""multiplier"":0.75},{""key"":""regular"",""label"":""Regular"",""hint"":""1 katori (~180g)"",""multiplier"":1.0},{""key"":""large"",""label"":""Large"",""hint"":""Full bowl / generous"",""multiplier"":1.35}]}","{""bowl"":{""multiplier"":1,""label"":""bowl"",""step"":0.5,""min"":0.5,""max"":4},""gram"":{""multiplier"":0.00556,""label"":""g"",""step"":10,""min"":30,""max"":600}}",mfp_avg
aloo-methi,Aloo methi,आलू मेथी,veg_curry,bowl,205,5.0,1 katori (~180g),aloo methi|potato fenugreek,veg|home_cooked,false,true,45,bowl_scale,"{""default_key"":""regular"",""options"":[{""key"":""small"",""label"":""Small"",""hint"":""½ katori / light"",""multiplier"":0.75},{""key"":""regular"",""label"":""Regular"",""hint"":""1 katori (~180g)"",""multiplier"":1.0},{""key"":""large"",""label"":""Large"",""hint"":""Full bowl / generous"",""multiplier"":1.35}]}","{""bowl"":{""multiplier"":1,""label"":""bowl"",""step"":0.5,""min"":0.5,""max"":4},""gram"":{""multiplier"":0.00556,""label"":""g"",""step"":10,""min"":30,""max"":600}}",mfp_avg
aloo-palak,Aloo palak,आलू पालक,veg_curry,bowl,185,5.0,1 katori (~180g),aloo palak|potato spinach,veg|home_cooked,false,true,45,bowl_scale,"{""default_key"":""regular"",""options"":[{""key"":""small"",""label"":""Small"",""hint"":""½ katori / light"",""multiplier"":0.75},{""key"":""regular"",""label"":""Regular"",""hint"":""1 katori (~180g)"",""multiplier"":1.0},{""key"":""large"",""label"":""Large"",""hint"":""Full bowl / generous"",""multiplier"":1.35}]}","{""bowl"":{""multiplier"":1,""label"":""bowl"",""step"":0.5,""min"":0.5,""max"":4},""gram"":{""multiplier"":0.00556,""label"":""g"",""step"":10,""min"":30,""max"":600}}",mfp_avg
aloo-jeera,Aloo jeera,आलू जीरा,veg_curry,bowl,195,3.5,1 katori (~180g),aloo jeera|jeera aloo,veg|home_cooked,false,true,55,bowl_scale,"{""default_key"":""regular"",""options"":[{""key"":""small"",""label"":""Small"",""hint"":""½ katori / light"",""multiplier"":0.75},{""key"":""regular"",""label"":""Regular"",""hint"":""1 katori (~180g)"",""multiplier"":1.0},{""key"":""large"",""label"":""Large"",""hint"":""Full bowl / generous"",""multiplier"":1.35}]}","{""bowl"":{""multiplier"":1,""label"":""bowl"",""step"":0.5,""min"":0.5,""max"":4},""gram"":{""multiplier"":0.00556,""label"":""g"",""step"":10,""min"":30,""max"":600}}",mfp_avg
bhindi-masala,Bhindi masala,भिंडी मसाला,veg_curry,bowl,155,3.5,1 katori (~180g),bhindi masala|okra masala|ladies finger,veg|home_cooked,false,true,75,bowl_scale,"{""default_key"":""regular"",""options"":[{""key"":""small"",""label"":""Small"",""hint"":""½ katori / light"",""multiplier"":0.75},{""key"":""regular"",""label"":""Regular"",""hint"":""1 katori (~180g)"",""multiplier"":1.0},{""key"":""large"",""label"":""Large"",""hint"":""Full bowl / generous"",""multiplier"":1.35}]}","{""bowl"":{""multiplier"":1,""label"":""bowl"",""step"":0.5,""min"":0.5,""max"":4},""gram"":{""multiplier"":0.00556,""label"":""g"",""step"":10,""min"":30,""max"":600}}",ifct_2017
bhindi-do-pyaza,Bhindi do pyaza,भिंडी दो प्याज़ा,veg_curry,bowl,175,4.0,1 katori (~180g),bhindi do pyaza,veg|home_cooked,false,true,45,bowl_scale,"{""default_key"":""regular"",""options"":[{""key"":""small"",""label"":""Small"",""hint"":""½ katori / light"",""multiplier"":0.75},{""key"":""regular"",""label"":""Regular"",""hint"":""1 katori (~180g)"",""multiplier"":1.0},{""key"":""large"",""label"":""Large"",""hint"":""Full bowl / generous"",""multiplier"":1.35}]}","{""bowl"":{""multiplier"":1,""label"":""bowl"",""step"":0.5,""min"":0.5,""max"":4},""gram"":{""multiplier"":0.00556,""label"":""g"",""step"":10,""min"":30,""max"":600}}",mfp_avg
baingan-bharta,Baingan bharta,बैंगन भर्ता,veg_curry,bowl,200,4.0,1 katori (~180g),baingan bharta|brinjal mash|smoked eggplant,veg|home_cooked,false,true,65,bowl_scale,"{""default_key"":""regular"",""options"":[{""key"":""small"",""label"":""Small"",""hint"":""½ katori / light"",""multiplier"":0.75},{""key"":""regular"",""label"":""Regular"",""hint"":""1 katori (~180g)"",""multiplier"":1.0},{""key"":""large"",""label"":""Large"",""hint"":""Full bowl / generous"",""multiplier"":1.35}]}","{""bowl"":{""multiplier"":1,""label"":""bowl"",""step"":0.5,""min"":0.5,""max"":4},""gram"":{""multiplier"":0.00556,""label"":""g"",""step"":10,""min"":30,""max"":600}}",ifct_2017
mix-veg,Mix veg sabzi,मिक्स वेज,veg_curry,bowl,175,4.5,1 katori (~180g),mix veg|mixed veg|sabzi,veg|home_cooked,false,true,70,bowl_scale,"{""default_key"":""regular"",""options"":[{""key"":""small"",""label"":""Small"",""hint"":""½ katori / light"",""multiplier"":0.75},{""key"":""regular"",""label"":""Regular"",""hint"":""1 katori (~180g)"",""multiplier"":1.0},{""key"":""large"",""label"":""Large"",""hint"":""Full bowl / generous"",""multiplier"":1.35}]}","{""bowl"":{""multiplier"":1,""label"":""bowl"",""step"":0.5,""min"":0.5,""max"":4},""gram"":{""multiplier"":0.00556,""label"":""g"",""step"":10,""min"":30,""max"":600}}",mfp_avg
veg-jalfrezi,Veg jalfrezi,वेज जलफ्रेज़ी,veg_curry,bowl,185,4.5,1 katori (~180g),veg jalfrezi,veg|restaurant,false,false,50,bowl_scale,"{""default_key"":""regular"",""options"":[{""key"":""small"",""label"":""Small"",""hint"":""½ katori / light"",""multiplier"":0.75},{""key"":""regular"",""label"":""Regular"",""hint"":""1 katori (~180g)"",""multiplier"":1.0},{""key"":""large"",""label"":""Large"",""hint"":""Full bowl / generous"",""multiplier"":1.35}]}","{""bowl"":{""multiplier"":1,""label"":""bowl"",""step"":0.5,""min"":0.5,""max"":4},""gram"":{""multiplier"":0.00556,""label"":""g"",""step"":10,""min"":30,""max"":600}}",mfp_avg
veg-kolhapuri,Veg kolhapuri,वेज कोल्हापुरी,veg_curry,bowl,235,6.0,1 katori (~180g),veg kolhapuri,veg|restaurant,false,false,35,bowl_scale,"{""default_key"":""regular"",""options"":[{""key"":""small"",""label"":""Small"",""hint"":""½ katori / light"",""multiplier"":0.75},{""key"":""regular"",""label"":""Regular"",""hint"":""1 katori (~180g)"",""multiplier"":1.0},{""key"":""large"",""label"":""Large"",""hint"":""Full bowl / generous"",""multiplier"":1.35}]}","{""bowl"":{""multiplier"":1,""label"":""bowl"",""step"":0.5,""min"":0.5,""max"":4},""gram"":{""multiplier"":0.00556,""label"":""g"",""step"":10,""min"":30,""max"":600}}",mfp_avg
gobi-matar,Gobi matar,गोभी मटर,veg_curry,bowl,175,4.5,1 katori (~180g),gobi matar|cauliflower peas,veg|home_cooked,false,true,55,bowl_scale,"{""default_key"":""regular"",""options"":[{""key"":""small"",""label"":""Small"",""hint"":""½ katori / light"",""multiplier"":0.75},{""key"":""regular"",""label"":""Regular"",""hint"":""1 katori (~180g)"",""multiplier"":1.0},{""key"":""large"",""label"":""Large"",""hint"":""Full bowl / generous"",""multiplier"":1.35}]}","{""bowl"":{""multiplier"":1,""label"":""bowl"",""step"":0.5,""min"":0.5,""max"":4},""gram"":{""multiplier"":0.00556,""label"":""g"",""step"":10,""min"":30,""max"":600}}",mfp_avg
gobi-musallam,Gobi musallam,गोभी मुसल्लम,veg_curry,bowl,240,7.0,1 katori (~180g),gobi musallam,veg|restaurant,false,false,25,bowl_scale,"{""default_key"":""regular"",""options"":[{""key"":""small"",""label"":""Small"",""hint"":""½ katori / light"",""multiplier"":0.75},{""key"":""regular"",""label"":""Regular"",""hint"":""1 katori (~180g)"",""multiplier"":1.0},{""key"":""large"",""label"":""Large"",""hint"":""Full bowl / generous"",""multiplier"":1.35}]}","{""bowl"":{""multiplier"":1,""label"":""bowl"",""step"":0.5,""min"":0.5,""max"":4},""gram"":{""multiplier"":0.00556,""label"":""g"",""step"":10,""min"":30,""max"":600}}",mfp_avg
lauki-sabzi,Lauki / Bottle gourd sabzi,लौकी सब्ज़ी,veg_curry,bowl,115,3.0,1 katori (~180g),lauki sabzi|bottle gourd|dudhi,veg|home_cooked|low_cal,false,true,50,bowl_scale,"{""default_key"":""regular"",""options"":[{""key"":""small"",""label"":""Small"",""hint"":""½ katori / light"",""multiplier"":0.75},{""key"":""regular"",""label"":""Regular"",""hint"":""1 katori (~180g)"",""multiplier"":1.0},{""key"":""large"",""label"":""Large"",""hint"":""Full bowl / generous"",""multiplier"":1.35}]}","{""bowl"":{""multiplier"":1,""label"":""bowl"",""step"":0.5,""min"":0.5,""max"":4},""gram"":{""multiplier"":0.00556,""label"":""g"",""step"":10,""min"":30,""max"":600}}",ifct_2017
tori-sabzi,Tori / Ridge gourd sabzi,तोरी सब्ज़ी,veg_curry,bowl,125,3.5,1 katori (~180g),tori sabzi|ridge gourd|turai,veg|home_cooked|low_cal,false,true,35,bowl_scale,"{""default_key"":""regular"",""options"":[{""key"":""small"",""label"":""Small"",""hint"":""½ katori / light"",""multiplier"":0.75},{""key"":""regular"",""label"":""Regular"",""hint"":""1 katori (~180g)"",""multiplier"":1.0},{""key"":""large"",""label"":""Large"",""hint"":""Full bowl / generous"",""multiplier"":1.35}]}","{""bowl"":{""multiplier"":1,""label"":""bowl"",""step"":0.5,""min"":0.5,""max"":4},""gram"":{""multiplier"":0.00556,""label"":""g"",""step"":10,""min"":30,""max"":600}}",ifct_2017
karela-sabzi,Karela / Bitter gourd sabzi,करेला सब्ज़ी,veg_curry,bowl,140,3.5,1 katori (~180g),karela sabzi|bitter gourd|bitter melon,veg|home_cooked|low_cal,false,true,30,bowl_scale,"{""default_key"":""regular"",""options"":[{""key"":""small"",""label"":""Small"",""hint"":""½ katori / light"",""multiplier"":0.75},{""key"":""regular"",""label"":""Regular"",""hint"":""1 katori (~180g)"",""multiplier"":1.0},{""key"":""large"",""label"":""Large"",""hint"":""Full bowl / generous"",""multiplier"":1.35}]}","{""bowl"":{""multiplier"":1,""label"":""bowl"",""step"":0.5,""min"":0.5,""max"":4},""gram"":{""multiplier"":0.00556,""label"":""g"",""step"":10,""min"":30,""max"":600}}",ifct_2017
tindora-sabzi,Tindora / Ivy gourd sabzi,तिंडोरा,veg_curry,bowl,130,3.0,1 katori (~180g),tindora|tendli|ivy gourd|kundru,veg|home_cooked|low_cal,false,true,30,bowl_scale,"{""default_key"":""regular"",""options"":[{""key"":""small"",""label"":""Small"",""hint"":""½ katori / light"",""multiplier"":0.75},{""key"":""regular"",""label"":""Regular"",""hint"":""1 katori (~180g)"",""multiplier"":1.0},{""key"":""large"",""label"":""Large"",""hint"":""Full bowl / generous"",""multiplier"":1.35}]}","{""bowl"":{""multiplier"":1,""label"":""bowl"",""step"":0.5,""min"":0.5,""max"":4},""gram"":{""multiplier"":0.00556,""label"":""g"",""step"":10,""min"":30,""max"":600}}",ifct_2017
mushroom-masala,Mushroom masala,मशरूम मसाला,veg_curry,bowl,210,7.0,1 katori (~180g),mushroom masala|kadai mushroom,veg|restaurant|high_protein,false,false,55,bowl_scale,"{""default_key"":""regular"",""options"":[{""key"":""small"",""label"":""Small"",""hint"":""½ katori / light"",""multiplier"":0.75},{""key"":""regular"",""label"":""Regular"",""hint"":""1 katori (~180g)"",""multiplier"":1.0},{""key"":""large"",""label"":""Large"",""hint"":""Full bowl / generous"",""multiplier"":1.35}]}","{""bowl"":{""multiplier"":1,""label"":""bowl"",""step"":0.5,""min"":0.5,""max"":4},""gram"":{""multiplier"":0.00556,""label"":""g"",""step"":10,""min"":30,""max"":600}}",mfp_avg
mushroom-matar,Mushroom matar,मशरूम मटर,veg_curry,bowl,200,7.0,1 katori (~180g),mushroom matar|mushroom peas,veg|home_cooked|high_protein,false,true,40,bowl_scale,"{""default_key"":""regular"",""options"":[{""key"":""small"",""label"":""Small"",""hint"":""½ katori / light"",""multiplier"":0.75},{""key"":""regular"",""label"":""Regular"",""hint"":""1 katori (~180g)"",""multiplier"":1.0},{""key"":""large"",""label"":""Large"",""hint"":""Full bowl / generous"",""multiplier"":1.35}]}","{""bowl"":{""multiplier"":1,""label"":""bowl"",""step"":0.5,""min"":0.5,""max"":4},""gram"":{""multiplier"":0.00556,""label"":""g"",""step"":10,""min"":30,""max"":600}}",mfp_avg
kashmiri-dum-aloo,Kashmiri dum aloo,कश्मीरी दम आलू,veg_curry,bowl,265,5.0,1 katori (~180g),kashmiri dum aloo|dum aloo,veg|restaurant,false,false,35,bowl_scale,"{""default_key"":""regular"",""options"":[{""key"":""small"",""label"":""Small"",""hint"":""½ katori / light"",""multiplier"":0.75},{""key"":""regular"",""label"":""Regular"",""hint"":""1 katori (~180g)"",""multiplier"":1.0},{""key"":""large"",""label"":""Large"",""hint"":""Full bowl / generous"",""multiplier"":1.35}]}","{""bowl"":{""multiplier"":1,""label"":""bowl"",""step"":0.5,""min"":0.5,""max"":4},""gram"":{""multiplier"":0.00556,""label"":""g"",""step"":10,""min"":30,""max"":600}}",mfp_avg
punjabi-dum-aloo,Punjabi dum aloo,पंजाबी दम आलू,veg_curry,bowl,285,5.0,1 katori (~180g),punjabi dum aloo,veg|restaurant,false,false,35,bowl_scale,"{""default_key"":""regular"",""options"":[{""key"":""small"",""label"":""Small"",""hint"":""½ katori / light"",""multiplier"":0.75},{""key"":""regular"",""label"":""Regular"",""hint"":""1 katori (~180g)"",""multiplier"":1.0},{""key"":""large"",""label"":""Large"",""hint"":""Full bowl / generous"",""multiplier"":1.35}]}","{""bowl"":{""multiplier"":1,""label"":""bowl"",""step"":0.5,""min"":0.5,""max"":4},""gram"":{""multiplier"":0.00556,""label"":""g"",""step"":10,""min"":30,""max"":600}}",mfp_avg
methi-malai-matar,Methi malai matar,मेथी मलाई मटर,veg_curry,bowl,265,8.5,1 katori (~180g),methi malai matar,veg|restaurant,false,false,30,bowl_scale,"{""default_key"":""regular"",""options"":[{""key"":""small"",""label"":""Small"",""hint"":""½ katori / light"",""multiplier"":0.75},{""key"":""regular"",""label"":""Regular"",""hint"":""1 katori (~180g)"",""multiplier"":1.0},{""key"":""large"",""label"":""Large"",""hint"":""Full bowl / generous"",""multiplier"":1.35}]}","{""bowl"":{""multiplier"":1,""label"":""bowl"",""step"":0.5,""min"":0.5,""max"":4},""gram"":{""multiplier"":0.00556,""label"":""g"",""step"":10,""min"":30,""max"":600}}",mfp_avg
veg-korma,Veg korma,वेज कोरमा,veg_curry,bowl,290,6.0,1 katori (~180g),veg korma|vegetable korma,veg|restaurant,false,false,50,bowl_scale,"{""default_key"":""regular"",""options"":[{""key"":""small"",""label"":""Small"",""hint"":""½ katori / light"",""multiplier"":0.75},{""key"":""regular"",""label"":""Regular"",""hint"":""1 katori (~180g)"",""multiplier"":1.0},{""key"":""large"",""label"":""Large"",""hint"":""Full bowl / generous"",""multiplier"":1.35}]}","{""bowl"":{""multiplier"":1,""label"":""bowl"",""step"":0.5,""min"":0.5,""max"":4},""gram"":{""multiplier"":0.00556,""label"":""g"",""step"":10,""min"":30,""max"":600}}",mfp_avg
navratan-korma,Navratan korma,नवरतन कोरमा,veg_curry,bowl,310,7.0,1 katori (~180g),navratan korma,veg|restaurant,false,false,35,bowl_scale,"{""default_key"":""regular"",""options"":[{""key"":""small"",""label"":""Small"",""hint"":""½ katori / light"",""multiplier"":0.75},{""key"":""regular"",""label"":""Regular"",""hint"":""1 katori (~180g)"",""multiplier"":1.0},{""key"":""large"",""label"":""Large"",""hint"":""Full bowl / generous"",""multiplier"":1.35}]}","{""bowl"":{""multiplier"":1,""label"":""bowl"",""step"":0.5,""min"":0.5,""max"":4},""gram"":{""multiplier"":0.00556,""label"":""g"",""step"":10,""min"":30,""max"":600}}",mfp_avg
avial,Avial,अवियल,veg_curry,bowl,210,6.0,1 katori (~180g),avial|aviyal,veg|south_indian|home_cooked,false,true,30,bowl_scale,"{""default_key"":""regular"",""options"":[{""key"":""small"",""label"":""Small"",""hint"":""½ katori / light"",""multiplier"":0.75},{""key"":""regular"",""label"":""Regular"",""hint"":""1 katori (~180g)"",""multiplier"":1.0},{""key"":""large"",""label"":""Large"",""hint"":""Full bowl / generous"",""multiplier"":1.35}]}","{""bowl"":{""multiplier"":1,""label"":""bowl"",""step"":0.5,""min"":0.5,""max"":4},""gram"":{""multiplier"":0.00556,""label"":""g"",""step"":10,""min"":30,""max"":600}}",mfp_avg
kerala-veg-stew,Kerala veg stew,केरल वेज स्टू,veg_curry,bowl,240,4.5,1 katori (~180g),kerala stew|veg stew|ishtu,veg|south_indian|restaurant,false,false,25,bowl_scale,"{""default_key"":""regular"",""options"":[{""key"":""small"",""label"":""Small"",""hint"":""½ katori / light"",""multiplier"":0.75},{""key"":""regular"",""label"":""Regular"",""hint"":""1 katori (~180g)"",""multiplier"":1.0},{""key"":""large"",""label"":""Large"",""hint"":""Full bowl / generous"",""multiplier"":1.35}]}","{""bowl"":{""multiplier"":1,""label"":""bowl"",""step"":0.5,""min"":0.5,""max"":4},""gram"":{""multiplier"":0.00556,""label"":""g"",""step"":10,""min"":30,""max"":600}}",mfp_avg
sarson-ka-saag,Sarson ka saag,सरसों का साग,veg_curry,bowl,235,7.0,1 katori (~180g),sarson ka saag|saag|mustard greens,veg|punjabi|home_cooked,false,true,55,bowl_scale,"{""default_key"":""regular"",""options"":[{""key"":""small"",""label"":""Small"",""hint"":""½ katori / light"",""multiplier"":0.75},{""key"":""regular"",""label"":""Regular"",""hint"":""1 katori (~180g)"",""multiplier"":1.0},{""key"":""large"",""label"":""Large"",""hint"":""Full bowl / generous"",""multiplier"":1.35}]}","{""bowl"":{""multiplier"":1,""label"":""bowl"",""step"":0.5,""min"":0.5,""max"":4},""gram"":{""multiplier"":0.00556,""label"":""g"",""step"":10,""min"":30,""max"":600}}",ifct_2017
punjabi-kadhi,Punjabi kadhi pakora,पंजाबी कढ़ी,veg_curry,bowl,215,7.0,1 katori (~180g),punjabi kadhi|kadhi pakora,veg|home_cooked,false,true,60,bowl_scale,"{""default_key"":""regular"",""options"":[{""key"":""small"",""label"":""Small"",""hint"":""½ katori / light"",""multiplier"":0.75},{""key"":""regular"",""label"":""Regular"",""hint"":""1 katori (~180g)"",""multiplier"":1.0},{""key"":""large"",""label"":""Large"",""hint"":""Full bowl / generous"",""multiplier"":1.35}]}","{""bowl"":{""multiplier"":1,""label"":""bowl"",""step"":0.5,""min"":0.5,""max"":4},""gram"":{""multiplier"":0.00556,""label"":""g"",""step"":10,""min"":30,""max"":600}}",mfp_avg
gujarati-kadhi,Gujarati kadhi,गुजराती कढ़ी,veg_curry,bowl,170,6.0,1 katori (~180g),gujarati kadhi|sweet kadhi,veg|home_cooked,false,true,40,bowl_scale,"{""default_key"":""regular"",""options"":[{""key"":""small"",""label"":""Small"",""hint"":""½ katori / light"",""multiplier"":0.75},{""key"":""regular"",""label"":""Regular"",""hint"":""1 katori (~180g)"",""multiplier"":1.0},{""key"":""large"",""label"":""Large"",""hint"":""Full bowl / generous"",""multiplier"":1.35}]}","{""bowl"":{""multiplier"":1,""label"":""bowl"",""step"":0.5,""min"":0.5,""max"":4},""gram"":{""multiplier"":0.00556,""label"":""g"",""step"":10,""min"":30,""max"":600}}",mfp_avg
undhiyu,Undhiyu,ઊંધિયું,veg_curry,bowl,275,8.5,1 katori (~180g),undhiyu|undhiyo,veg|gujarati|home_cooked,false,true,30,bowl_scale,"{""default_key"":""regular"",""options"":[{""key"":""small"",""label"":""Small"",""hint"":""½ katori / light"",""multiplier"":0.75},{""key"":""regular"",""label"":""Regular"",""hint"":""1 katori (~180g)"",""multiplier"":1.0},{""key"":""large"",""label"":""Large"",""hint"":""Full bowl / generous"",""multiplier"":1.35}]}","{""bowl"":{""multiplier"":1,""label"":""bowl"",""step"":0.5,""min"":0.5,""max"":4},""gram"":{""multiplier"":0.00556,""label"":""g"",""step"":10,""min"":30,""max"":600}}",mfp_avg
bharwa-baingan,Bharwa baingan,भरवां बैंगन,veg_curry,bowl,235,4.5,1 katori (~180g),bharwa baingan|stuffed brinjal,veg|home_cooked,false,true,35,bowl_scale,"{""default_key"":""regular"",""options"":[{""key"":""small"",""label"":""Small"",""hint"":""½ katori / light"",""multiplier"":0.75},{""key"":""regular"",""label"":""Regular"",""hint"":""1 katori (~180g)"",""multiplier"":1.0},{""key"":""large"",""label"":""Large"",""hint"":""Full bowl / generous"",""multiplier"":1.35}]}","{""bowl"":{""multiplier"":1,""label"":""bowl"",""step"":0.5,""min"":0.5,""max"":4},""gram"":{""multiplier"":0.00556,""label"":""g"",""step"":10,""min"":30,""max"":600}}",mfp_avg
chana-saag,Chana saag,चना साग,veg_curry,bowl,235,9.5,1 katori (~180g),chana saag|chickpea spinach,veg|home_cooked|high_protein,false,true,30,bowl_scale,"{""default_key"":""regular"",""options"":[{""key"":""small"",""label"":""Small"",""hint"":""½ katori / light"",""multiplier"":0.75},{""key"":""regular"",""label"":""Regular"",""hint"":""1 katori (~180g)"",""multiplier"":1.0},{""key"":""large"",""label"":""Large"",""hint"":""Full bowl / generous"",""multiplier"":1.35}]}","{""bowl"":{""multiplier"":1,""label"":""bowl"",""step"":0.5,""min"":0.5,""max"":4},""gram"":{""multiplier"":0.00556,""label"":""g"",""step"":10,""min"":30,""max"":600}}",mfp_avg
chilli-paneer-gravy,Chilli paneer (gravy),चिली पनीर,veg_curry,bowl,345,17.5,1 katori (~180g),chilli paneer gravy|indo chinese paneer,veg|indo_chinese|high_protein,false,false,60,bowl_scale,"{""default_key"":""regular"",""options"":[{""key"":""small"",""label"":""Small"",""hint"":""½ katori / light"",""multiplier"":0.75},{""key"":""regular"",""label"":""Regular"",""hint"":""1 katori (~180g)"",""multiplier"":1.0},{""key"":""large"",""label"":""Large"",""hint"":""Full bowl / generous"",""multiplier"":1.35}]}","{""bowl"":{""multiplier"":1,""label"":""bowl"",""step"":0.5,""min"":0.5,""max"":4},""gram"":{""multiplier"":0.00556,""label"":""g"",""step"":10,""min"":30,""max"":600}}",mfp_avg
tofu-bhurji,Tofu bhurji,टोफू भुर्जी,veg_curry,bowl,200,14.0,1 katori (~180g),tofu bhurji|scrambled tofu,veg|high_protein|home_cooked,false,true,35,bowl_scale,"{""default_key"":""regular"",""options"":[{""key"":""small"",""label"":""Small"",""hint"":""½ katori / light"",""multiplier"":0.75},{""key"":""regular"",""label"":""Regular"",""hint"":""1 katori (~180g)"",""multiplier"":1.0},{""key"":""large"",""label"":""Large"",""hint"":""Full bowl / generous"",""multiplier"":1.35}]}","{""bowl"":{""multiplier"":1,""label"":""bowl"",""step"":0.5,""min"":0.5,""max"":4},""gram"":{""multiplier"":0.00556,""label"":""g"",""step"":10,""min"":30,""max"":600}}",mfp_avg
paneer-bhurji,Paneer bhurji,पनीर भुर्जी,veg_curry,bowl,310,17.0,1 katori (~180g),paneer bhurji|scrambled paneer,veg|high_protein|home_cooked,false,true,65,bowl_scale,"{""default_key"":""regular"",""options"":[{""key"":""small"",""label"":""Small"",""hint"":""½ katori / light"",""multiplier"":0.75},{""key"":""regular"",""label"":""Regular"",""hint"":""1 katori (~180g)"",""multiplier"":1.0},{""key"":""large"",""label"":""Large"",""hint"":""Full bowl / generous"",""multiplier"":1.35}]}","{""bowl"":{""multiplier"":1,""label"":""bowl"",""step"":0.5,""min"":0.5,""max"":4},""gram"":{""multiplier"":0.00556,""label"":""g"",""step"":10,""min"":30,""max"":600}}",mfp_avg
paneer-tikka,Paneer tikka,पनीर टिक्का,veg_starters,piece,60,4.5,1 piece (~25g),paneer tikka|paneer kebab,veg|restaurant|high_protein,false,false,90,count,"{""default_key"":""regular"",""options"":[{""key"":""regular"",""label"":""Standard"",""multiplier"":1.0}]}","{""piece"":{""multiplier"":1,""label"":""piece"",""step"":1,""min"":1,""max"":12},""gram"":{""multiplier"":0.04,""label"":""g"",""step"":10,""min"":10,""max"":300}}",mfp_avg
hara-bhara-kebab,Hara bhara kebab,हरा भरा कबाब,veg_starters,piece,75,2.5,1 kebab (~30g),hara bhara kebab|spinach kebab,veg|restaurant,false,false,50,count,"{""default_key"":""regular"",""options"":[{""key"":""regular"",""label"":""Standard"",""multiplier"":1.0}]}","{""piece"":{""multiplier"":1,""label"":""piece"",""step"":1,""min"":1,""max"":10},""gram"":{""multiplier"":0.03333,""label"":""g"",""step"":10,""min"":10,""max"":300}}",mfp_avg
aloo-tikki,Aloo tikki,आलू टिक्की,veg_starters,piece,90,2.0,1 tikki (~40g),aloo tikki|potato cutlet|tikki,veg|home_cooked|street_food,false,true,75,count,"{""default_key"":""regular"",""options"":[{""key"":""regular"",""label"":""Standard"",""multiplier"":1.0}]}","{""piece"":{""multiplier"":1,""label"":""piece"",""step"":1,""min"":1,""max"":8},""gram"":{""multiplier"":0.025,""label"":""g"",""step"":10,""min"":10,""max"":320}}",mfp_avg
veg-seekh-kebab,Veg seekh kebab,वेज सीख कबाब,veg_starters,piece,90,3.0,1 kebab (~35g),veg seekh kebab|seekh,veg|restaurant,false,false,35,count,"{""default_key"":""regular"",""options"":[{""key"":""regular"",""label"":""Standard"",""multiplier"":1.0}]}","{""piece"":{""multiplier"":1,""label"":""piece"",""step"":1,""min"":1,""max"":8},""gram"":{""multiplier"":0.02857,""label"":""g"",""step"":10,""min"":10,""max"":280}}",mfp_avg
tandoori-mushroom,Tandoori mushroom,तंदूरी मशरूम,veg_starters,piece,25,1.0,1 piece (~12g),tandoori mushroom,veg|restaurant|low_cal,false,false,40,count,"{""default_key"":""regular"",""options"":[{""key"":""regular"",""label"":""Standard"",""multiplier"":1.0}]}","{""piece"":{""multiplier"":1,""label"":""piece"",""step"":1,""min"":2,""max"":15}}",mfp_avg
tandoori-broccoli,Tandoori broccoli,तंदूरी ब्रोकोली,veg_starters,piece,22,1.2,1 floret (~12g),tandoori broccoli,veg|restaurant|low_cal,false,false,30,count,"{""default_key"":""regular"",""options"":[{""key"":""regular"",""label"":""Standard"",""multiplier"":1.0}]}","{""piece"":{""multiplier"":1,""label"":""piece"",""step"":1,""min"":2,""max"":15}}",mfp_avg
tandoori-aloo,Tandoori aloo,तंदूरी आलू,veg_starters,piece,40,1.0,1 piece (~20g),tandoori aloo|stuffed aloo,veg|restaurant,false,false,30,count,"{""default_key"":""regular"",""options"":[{""key"":""regular"",""label"":""Standard"",""multiplier"":1.0}]}","{""piece"":{""multiplier"":1,""label"":""piece"",""step"":1,""min"":2,""max"":10}}",mfp_avg
veg-manchurian-dry,Veg manchurian (dry),वेज मंचूरियन,veg_starters,piece,38,0.8,1 ball (~12g),veg manchurian|manchurian,veg|indo_chinese|restaurant,true,false,70,count,"{""default_key"":""regular"",""options"":[{""key"":""regular"",""label"":""Standard"",""multiplier"":1.0}]}","{""piece"":{""multiplier"":1,""label"":""piece"",""step"":1,""min"":2,""max"":15}}",mfp_avg
gobi-manchurian,Gobi manchurian,गोभी मंचूरियन,veg_starters,piece,42,1.0,1 floret (~14g),gobi manchurian,veg|indo_chinese|restaurant,true,false,75,count,"{""default_key"":""regular"",""options"":[{""key"":""regular"",""label"":""Standard"",""multiplier"":1.0}]}","{""piece"":{""multiplier"":1,""label"":""piece"",""step"":1,""min"":2,""max"":15}}",mfp_avg
chilli-paneer-dry,Chilli paneer (dry),चिली पनीर (ड्राई),veg_starters,bowl,345,17.5,1 plate (~180g),chilli paneer dry,veg|indo_chinese|high_protein,false,false,70,bowl_scale,"{""default_key"":""regular"",""options"":[{""key"":""small"",""label"":""Small"",""hint"":""½ katori / light"",""multiplier"":0.75},{""key"":""regular"",""label"":""Regular"",""hint"":""1 katori (~180g)"",""multiplier"":1.0},{""key"":""large"",""label"":""Large"",""hint"":""Full bowl / generous"",""multiplier"":1.35}]}","{""bowl"":{""multiplier"":1,""label"":""bowl"",""step"":0.5,""min"":0.5,""max"":4},""gram"":{""multiplier"":0.00556,""label"":""g"",""step"":10,""min"":30,""max"":600}}",mfp_avg
crispy-corn,Crispy corn,क्रिस्पी कॉर्न,veg_starters,bowl,310,6.5,1 plate (~180g),crispy corn|salt pepper corn,veg|restaurant,true,false,55,bowl_scale,"{""default_key"":""regular"",""options"":[{""key"":""small"",""label"":""Small"",""hint"":""½ katori / light"",""multiplier"":0.75},{""key"":""regular"",""label"":""Regular"",""hint"":""1 katori (~180g)"",""multiplier"":1.0},{""key"":""large"",""label"":""Large"",""hint"":""Full bowl / generous"",""multiplier"":1.35}]}","{""bowl"":{""multiplier"":1,""label"":""bowl"",""step"":0.5,""min"":0.5,""max"":4},""gram"":{""multiplier"":0.00556,""label"":""g"",""step"":10,""min"":30,""max"":600}}",mfp_avg
honey-chilli-potato,Honey chilli potato,हनी चिली पटैटो,veg_starters,bowl,320,4.5,1 plate (~180g),honey chilli potato|hcp,veg|indo_chinese|restaurant,true,false,50,bowl_scale,"{""default_key"":""regular"",""options"":[{""key"":""small"",""label"":""Small"",""hint"":""½ katori / light"",""multiplier"":0.75},{""key"":""regular"",""label"":""Regular"",""hint"":""1 katori (~180g)"",""multiplier"":1.0},{""key"":""large"",""label"":""Large"",""hint"":""Full bowl / generous"",""multiplier"":1.35}]}","{""bowl"":{""multiplier"":1,""label"":""bowl"",""step"":0.5,""min"":0.5,""max"":4},""gram"":{""multiplier"":0.00556,""label"":""g"",""step"":10,""min"":30,""max"":600}}",mfp_avg
stuffed-mushroom,Stuffed mushroom,,veg_starters,piece,45,1.8,1 piece (~20g),stuffed mushroom,veg|restaurant,false,false,25,count,"{""default_key"":""regular"",""options"":[{""key"":""regular"",""label"":""Standard"",""multiplier"":1.0}]}","{""piece"":{""multiplier"":1,""label"":""piece"",""step"":1,""min"":2,""max"":10}}",mfp_avg
paneer-65,Paneer 65,पनीर 65,veg_starters,piece,50,3.5,1 piece (~20g),paneer 65|fried paneer,veg|south_indian|restaurant,false,false,40,count,"{""default_key"":""regular"",""options"":[{""key"":""regular"",""label"":""Standard"",""multiplier"":1.0}]}","{""piece"":{""multiplier"":1,""label"":""piece"",""step"":1,""min"":1,""max"":12},""gram"":{""multiplier"":0.05,""label"":""g"",""step"":10,""min"":10,""max"":240}}",mfp_avg
malai-broccoli,Malai broccoli,,veg_starters,piece,35,1.5,1 floret (~15g),malai broccoli,veg|restaurant,false,false,20,count,"{""default_key"":""regular"",""options"":[{""key"":""regular"",""label"":""Standard"",""multiplier"":1.0}]}","{""piece"":{""multiplier"":1,""label"":""piece"",""step"":1,""min"":2,""max"":12}}",mfp_avg
butter-chicken,Butter chicken,बटर चिकन,nonveg_curry,bowl,385,26.0,1 katori (~180g),butter chicken|murgh makhani,non_veg|restaurant|high_protein,false,false,96,bowl_scale,"{""default_key"":""regular"",""options"":[{""key"":""small"",""label"":""Small"",""hint"":""½ katori / light"",""multiplier"":0.75},{""key"":""regular"",""label"":""Regular"",""hint"":""1 katori (~180g)"",""multiplier"":1.0},{""key"":""large"",""label"":""Large"",""hint"":""Full bowl / generous"",""multiplier"":1.35}]}","{""bowl"":{""multiplier"":1,""label"":""bowl"",""step"":0.5,""min"":0.5,""max"":4},""gram"":{""multiplier"":0.00556,""label"":""g"",""step"":10,""min"":30,""max"":600}}",mfp_avg
chicken-tikka-masala,Chicken tikka masala,चिकन टिक्का मसाला,nonveg_curry,bowl,340,26.0,1 katori (~180g),chicken tikka masala|ctm,non_veg|restaurant|high_protein,false,false,90,bowl_scale,"{""default_key"":""regular"",""options"":[{""key"":""small"",""label"":""Small"",""hint"":""½ katori / light"",""multiplier"":0.75},{""key"":""regular"",""label"":""Regular"",""hint"":""1 katori (~180g)"",""multiplier"":1.0},{""key"":""large"",""label"":""Large"",""hint"":""Full bowl / generous"",""multiplier"":1.35}]}","{""bowl"":{""multiplier"":1,""label"":""bowl"",""step"":0.5,""min"":0.5,""max"":4},""gram"":{""multiplier"":0.00556,""label"":""g"",""step"":10,""min"":30,""max"":600}}",mfp_avg
chicken-curry,Chicken curry (homestyle),चिकन करी,nonveg_curry,bowl,295,26.0,1 katori (~180g),chicken curry|murgh|murg curry,non_veg|home_cooked|high_protein,false,true,92,bowl_scale,"{""default_key"":""regular"",""options"":[{""key"":""small"",""label"":""Small"",""hint"":""½ katori / light"",""multiplier"":0.75},{""key"":""regular"",""label"":""Regular"",""hint"":""1 katori (~180g)"",""multiplier"":1.0},{""key"":""large"",""label"":""Large"",""hint"":""Full bowl / generous"",""multiplier"":1.35}]}","{""bowl"":{""multiplier"":1,""label"":""bowl"",""step"":0.5,""min"":0.5,""max"":4},""gram"":{""multiplier"":0.00556,""label"":""g"",""step"":10,""min"":30,""max"":600}}",ifct_2017
kadai-chicken,Kadai chicken,कढ़ाई चिकन,nonveg_curry,bowl,315,26.0,1 katori (~180g),kadai chicken|karahi chicken,non_veg|restaurant|high_protein,false,false,75,bowl_scale,"{""default_key"":""regular"",""options"":[{""key"":""small"",""label"":""Small"",""hint"":""½ katori / light"",""multiplier"":0.75},{""key"":""regular"",""label"":""Regular"",""hint"":""1 katori (~180g)"",""multiplier"":1.0},{""key"":""large"",""label"":""Large"",""hint"":""Full bowl / generous"",""multiplier"":1.35}]}","{""bowl"":{""multiplier"":1,""label"":""bowl"",""step"":0.5,""min"":0.5,""max"":4},""gram"":{""multiplier"":0.00556,""label"":""g"",""step"":10,""min"":30,""max"":600}}",mfp_avg
chicken-chettinad,Chicken Chettinad,चेट्टिनाड चिकन,nonveg_curry,bowl,325,27.0,1 katori (~180g),chicken chettinad,non_veg|south_indian|spicy|high_protein,false,false,50,bowl_scale,"{""default_key"":""regular"",""options"":[{""key"":""small"",""label"":""Small"",""hint"":""½ katori / light"",""multiplier"":0.75},{""key"":""regular"",""label"":""Regular"",""hint"":""1 katori (~180g)"",""multiplier"":1.0},{""key"":""large"",""label"":""Large"",""hint"":""Full bowl / generous"",""multiplier"":1.35}]}","{""bowl"":{""multiplier"":1,""label"":""bowl"",""step"":0.5,""min"":0.5,""max"":4},""gram"":{""multiplier"":0.00556,""label"":""g"",""step"":10,""min"":30,""max"":600}}",mfp_avg
chicken-korma,Chicken korma,चिकन कोरमा,nonveg_curry,bowl,355,25.0,1 katori (~180g),chicken korma,non_veg|restaurant|high_protein,false,false,65,bowl_scale,"{""default_key"":""regular"",""options"":[{""key"":""small"",""label"":""Small"",""hint"":""½ katori / light"",""multiplier"":0.75},{""key"":""regular"",""label"":""Regular"",""hint"":""1 katori (~180g)"",""multiplier"":1.0},{""key"":""large"",""label"":""Large"",""hint"":""Full bowl / generous"",""multiplier"":1.35}]}","{""bowl"":{""multiplier"":1,""label"":""bowl"",""step"":0.5,""min"":0.5,""max"":4},""gram"":{""multiplier"":0.00556,""label"":""g"",""step"":10,""min"":30,""max"":600}}",mfp_avg
chicken-vindaloo,Chicken vindaloo,चिकन विंदालू,nonveg_curry,bowl,300,26.0,1 katori (~180g),chicken vindaloo|vindaloo,non_veg|goan|spicy|high_protein,false,false,50,bowl_scale,"{""default_key"":""regular"",""options"":[{""key"":""small"",""label"":""Small"",""hint"":""½ katori / light"",""multiplier"":0.75},{""key"":""regular"",""label"":""Regular"",""hint"":""1 katori (~180g)"",""multiplier"":1.0},{""key"":""large"",""label"":""Large"",""hint"":""Full bowl / generous"",""multiplier"":1.35}]}","{""bowl"":{""multiplier"":1,""label"":""bowl"",""step"":0.5,""min"":0.5,""max"":4},""gram"":{""multiplier"":0.00556,""label"":""g"",""step"":10,""min"":30,""max"":600}}",mfp_avg
methi-murg,Methi murg,मेथी मुर्ग,nonveg_curry,bowl,315,26.0,1 katori (~180g),methi murg|methi chicken,non_veg|home_cooked|high_protein,false,true,45,bowl_scale,"{""default_key"":""regular"",""options"":[{""key"":""small"",""label"":""Small"",""hint"":""½ katori / light"",""multiplier"":0.75},{""key"":""regular"",""label"":""Regular"",""hint"":""1 katori (~180g)"",""multiplier"":1.0},{""key"":""large"",""label"":""Large"",""hint"":""Full bowl / generous"",""multiplier"":1.35}]}","{""bowl"":{""multiplier"":1,""label"":""bowl"",""step"":0.5,""min"":0.5,""max"":4},""gram"":{""multiplier"":0.00556,""label"":""g"",""step"":10,""min"":30,""max"":600}}",mfp_avg
andhra-chicken-curry,Andhra chicken curry,आंध्रा चिकन करी,nonveg_curry,bowl,300,27.0,1 katori (~180g),andhra chicken curry|kodi pulusu,non_veg|south_indian|spicy,false,false,40,bowl_scale,"{""default_key"":""regular"",""options"":[{""key"":""small"",""label"":""Small"",""hint"":""½ katori / light"",""multiplier"":0.75},{""key"":""regular"",""label"":""Regular"",""hint"":""1 katori (~180g)"",""multiplier"":1.0},{""key"":""large"",""label"":""Large"",""hint"":""Full bowl / generous"",""multiplier"":1.35}]}","{""bowl"":{""multiplier"":1,""label"":""bowl"",""step"":0.5,""min"":0.5,""max"":4},""gram"":{""multiplier"":0.00556,""label"":""g"",""step"":10,""min"":30,""max"":600}}",mfp_avg
goan-chicken-xacuti,Chicken xacuti,,nonveg_curry,bowl,335,26.0,1 katori (~180g),chicken xacuti|xacuti|goan chicken,non_veg|goan|high_protein,false,false,30,bowl_scale,"{""default_key"":""regular"",""options"":[{""key"":""small"",""label"":""Small"",""hint"":""½ katori / light"",""multiplier"":0.75},{""key"":""regular"",""label"":""Regular"",""hint"":""1 katori (~180g)"",""multiplier"":1.0},{""key"":""large"",""label"":""Large"",""hint"":""Full bowl / generous"",""multiplier"":1.35}]}","{""bowl"":{""multiplier"":1,""label"":""bowl"",""step"":0.5,""min"":0.5,""max"":4},""gram"":{""multiplier"":0.00556,""label"":""g"",""step"":10,""min"":30,""max"":600}}",mfp_avg
chicken-do-pyaza,Chicken do pyaza,चिकन दो प्याज़ा,nonveg_curry,bowl,290,26.0,1 katori (~180g),chicken do pyaza,non_veg|restaurant|high_protein,false,false,45,bowl_scale,"{""default_key"":""regular"",""options"":[{""key"":""small"",""label"":""Small"",""hint"":""½ katori / light"",""multiplier"":0.75},{""key"":""regular"",""label"":""Regular"",""hint"":""1 katori (~180g)"",""multiplier"":1.0},{""key"":""large"",""label"":""Large"",""hint"":""Full bowl / generous"",""multiplier"":1.35}]}","{""bowl"":{""multiplier"":1,""label"":""bowl"",""step"":0.5,""min"":0.5,""max"":4},""gram"":{""multiplier"":0.00556,""label"":""g"",""step"":10,""min"":30,""max"":600}}",mfp_avg
mutton-rogan-josh,Mutton rogan josh,मटन रोगन जोश,nonveg_curry,bowl,385,26.0,1 katori (~180g),rogan josh|mutton rogan josh|kashmiri mutton,non_veg|restaurant|high_protein,false,false,80,bowl_scale,"{""default_key"":""regular"",""options"":[{""key"":""small"",""label"":""Small"",""hint"":""½ katori / light"",""multiplier"":0.75},{""key"":""regular"",""label"":""Regular"",""hint"":""1 katori (~180g)"",""multiplier"":1.0},{""key"":""large"",""label"":""Large"",""hint"":""Full bowl / generous"",""multiplier"":1.35}]}","{""bowl"":{""multiplier"":1,""label"":""bowl"",""step"":0.5,""min"":0.5,""max"":4},""gram"":{""multiplier"":0.00556,""label"":""g"",""step"":10,""min"":30,""max"":600}}",mfp_avg
mutton-curry,Mutton curry (homestyle),मटन करी,nonveg_curry,bowl,375,26.0,1 katori (~180g),mutton curry|lamb curry|gosht,non_veg|home_cooked|high_protein,false,true,75,bowl_scale,"{""default_key"":""regular"",""options"":[{""key"":""small"",""label"":""Small"",""hint"":""½ katori / light"",""multiplier"":0.75},{""key"":""regular"",""label"":""Regular"",""hint"":""1 katori (~180g)"",""multiplier"":1.0},{""key"":""large"",""label"":""Large"",""hint"":""Full bowl / generous"",""multiplier"":1.35}]}","{""bowl"":{""multiplier"":1,""label"":""bowl"",""step"":0.5,""min"":0.5,""max"":4},""gram"":{""multiplier"":0.00556,""label"":""g"",""step"":10,""min"":30,""max"":600}}",ifct_2017
mutton-korma,Mutton korma,मटन कोरमा,nonveg_curry,bowl,410,25.0,1 katori (~180g),mutton korma,non_veg|restaurant|high_protein,false,false,50,bowl_scale,"{""default_key"":""regular"",""options"":[{""key"":""small"",""label"":""Small"",""hint"":""½ katori / light"",""multiplier"":0.75},{""key"":""regular"",""label"":""Regular"",""hint"":""1 katori (~180g)"",""multiplier"":1.0},{""key"":""large"",""label"":""Large"",""hint"":""Full bowl / generous"",""multiplier"":1.35}]}","{""bowl"":{""multiplier"":1,""label"":""bowl"",""step"":0.5,""min"":0.5,""max"":4},""gram"":{""multiplier"":0.00556,""label"":""g"",""step"":10,""min"":30,""max"":600}}",mfp_avg
kheema-matar,Kheema matar,कीमा मटर,nonveg_curry,bowl,340,22.0,1 katori (~180g),kheema matar|mutton kheema|keema,non_veg|home_cooked|high_protein,false,true,55,bowl_scale,"{""default_key"":""regular"",""options"":[{""key"":""small"",""label"":""Small"",""hint"":""½ katori / light"",""multiplier"":0.75},{""key"":""regular"",""label"":""Regular"",""hint"":""1 katori (~180g)"",""multiplier"":1.0},{""key"":""large"",""label"":""Large"",""hint"":""Full bowl / generous"",""multiplier"":1.35}]}","{""bowl"":{""multiplier"":1,""label"":""bowl"",""step"":0.5,""min"":0.5,""max"":4},""gram"":{""multiplier"":0.00556,""label"":""g"",""step"":10,""min"":30,""max"":600}}",mfp_avg
mutton-vindaloo,Mutton vindaloo,मटन विंदालू,nonveg_curry,bowl,365,26.0,1 katori (~180g),mutton vindaloo,non_veg|goan|spicy|high_protein,false,false,35,bowl_scale,"{""default_key"":""regular"",""options"":[{""key"":""small"",""label"":""Small"",""hint"":""½ katori / light"",""multiplier"":0.75},{""key"":""regular"",""label"":""Regular"",""hint"":""1 katori (~180g)"",""multiplier"":1.0},{""key"":""large"",""label"":""Large"",""hint"":""Full bowl / generous"",""multiplier"":1.35}]}","{""bowl"":{""multiplier"":1,""label"":""bowl"",""step"":0.5,""min"":0.5,""max"":4},""gram"":{""multiplier"":0.00556,""label"":""g"",""step"":10,""min"":30,""max"":600}}",mfp_avg
fish-curry,Fish curry (homestyle),मछली करी,nonveg_curry,bowl,235,24.0,1 katori (~180g),fish curry|machli|machhi,non_veg|home_cooked|high_protein,false,true,75,bowl_scale,"{""default_key"":""regular"",""options"":[{""key"":""small"",""label"":""Small"",""hint"":""½ katori / light"",""multiplier"":0.75},{""key"":""regular"",""label"":""Regular"",""hint"":""1 katori (~180g)"",""multiplier"":1.0},{""key"":""large"",""label"":""Large"",""hint"":""Full bowl / generous"",""multiplier"":1.35}]}","{""bowl"":{""multiplier"":1,""label"":""bowl"",""step"":0.5,""min"":0.5,""max"":4},""gram"":{""multiplier"":0.00556,""label"":""g"",""step"":10,""min"":30,""max"":600}}",ifct_2017
goan-fish-curry,Goan fish curry,गोवा फिश करी,nonveg_curry,bowl,265,24.0,1 katori (~180g),goan fish curry,non_veg|goan|high_protein,false,false,50,bowl_scale,"{""default_key"":""regular"",""options"":[{""key"":""small"",""label"":""Small"",""hint"":""½ katori / light"",""multiplier"":0.75},{""key"":""regular"",""label"":""Regular"",""hint"":""1 katori (~180g)"",""multiplier"":1.0},{""key"":""large"",""label"":""Large"",""hint"":""Full bowl / generous"",""multiplier"":1.35}]}","{""bowl"":{""multiplier"":1,""label"":""bowl"",""step"":0.5,""min"":0.5,""max"":4},""gram"":{""multiplier"":0.00556,""label"":""g"",""step"":10,""min"":30,""max"":600}}",mfp_avg
kerala-fish-moilee,Kerala fish moilee,केरल फिश मोली,nonveg_curry,bowl,275,23.0,1 katori (~180g),fish moilee|kerala fish curry,non_veg|south_indian|high_protein,false,false,35,bowl_scale,"{""default_key"":""regular"",""options"":[{""key"":""small"",""label"":""Small"",""hint"":""½ katori / light"",""multiplier"":0.75},{""key"":""regular"",""label"":""Regular"",""hint"":""1 katori (~180g)"",""multiplier"":1.0},{""key"":""large"",""label"":""Large"",""hint"":""Full bowl / generous"",""multiplier"":1.35}]}","{""bowl"":{""multiplier"":1,""label"":""bowl"",""step"":0.5,""min"":0.5,""max"":4},""gram"":{""multiplier"":0.00556,""label"":""g"",""step"":10,""min"":30,""max"":600}}",mfp_avg
macher-jhol,Macher jhol (Bengali fish curry),মাছের ঝোল,nonveg_curry,bowl,210,24.0,1 katori (~180g),macher jhol|bengali fish curry,non_veg|bengali|home_cooked|high_protein,false,true,50,bowl_scale,"{""default_key"":""regular"",""options"":[{""key"":""small"",""label"":""Small"",""hint"":""½ katori / light"",""multiplier"":0.75},{""key"":""regular"",""label"":""Regular"",""hint"":""1 katori (~180g)"",""multiplier"":1.0},{""key"":""large"",""label"":""Large"",""hint"":""Full bowl / generous"",""multiplier"":1.35}]}","{""bowl"":{""multiplier"":1,""label"":""bowl"",""step"":0.5,""min"":0.5,""max"":4},""gram"":{""multiplier"":0.00556,""label"":""g"",""step"":10,""min"":30,""max"":600}}",mfp_avg
meen-kulambu,Meen kulambu (Tamil fish curry),மீன் குழம்பு,nonveg_curry,bowl,210,24.0,1 katori (~180g),meen kulambu|tamil fish curry,non_veg|south_indian|home_cooked,false,true,30,bowl_scale,"{""default_key"":""regular"",""options"":[{""key"":""small"",""label"":""Small"",""hint"":""½ katori / light"",""multiplier"":0.75},{""key"":""regular"",""label"":""Regular"",""hint"":""1 katori (~180g)"",""multiplier"":1.0},{""key"":""large"",""label"":""Large"",""hint"":""Full bowl / generous"",""multiplier"":1.35}]}","{""bowl"":{""multiplier"":1,""label"":""bowl"",""step"":0.5,""min"":0.5,""max"":4},""gram"":{""multiplier"":0.00556,""label"":""g"",""step"":10,""min"":30,""max"":600}}",mfp_avg
prawn-curry,Prawn curry,झींगा करी,nonveg_curry,bowl,235,22.0,1 katori (~180g),prawn curry|jhinga|shrimp curry,non_veg|home_cooked|high_protein,false,true,55,bowl_scale,"{""default_key"":""regular"",""options"":[{""key"":""small"",""label"":""Small"",""hint"":""½ katori / light"",""multiplier"":0.75},{""key"":""regular"",""label"":""Regular"",""hint"":""1 katori (~180g)"",""multiplier"":1.0},{""key"":""large"",""label"":""Large"",""hint"":""Full bowl / generous"",""multiplier"":1.35}]}","{""bowl"":{""multiplier"":1,""label"":""bowl"",""step"":0.5,""min"":0.5,""max"":4},""gram"":{""multiplier"":0.00556,""label"":""g"",""step"":10,""min"":30,""max"":600}}",mfp_avg
goan-prawn-curry,Goan prawn curry,गोवा प्रॉन करी,nonveg_curry,bowl,260,20.0,1 katori (~180g),goan prawn curry|prawn xacuti,non_veg|goan|high_protein,false,false,35,bowl_scale,"{""default_key"":""regular"",""options"":[{""key"":""small"",""label"":""Small"",""hint"":""½ katori / light"",""multiplier"":0.75},{""key"":""regular"",""label"":""Regular"",""hint"":""1 katori (~180g)"",""multiplier"":1.0},{""key"":""large"",""label"":""Large"",""hint"":""Full bowl / generous"",""multiplier"":1.35}]}","{""bowl"":{""multiplier"":1,""label"":""bowl"",""step"":0.5,""min"":0.5,""max"":4},""gram"":{""multiplier"":0.00556,""label"":""g"",""step"":10,""min"":30,""max"":600}}",mfp_avg
egg-curry,Egg curry,अंडा करी,nonveg_curry,bowl,280,14.0,"1 katori (~180g, 2 eggs)",egg curry|anda curry,non_veg|home_cooked|high_protein,false,true,75,bowl_scale,"{""default_key"":""regular"",""options"":[{""key"":""small"",""label"":""Small"",""hint"":""½ katori / light"",""multiplier"":0.75},{""key"":""regular"",""label"":""Regular"",""hint"":""1 katori (~180g)"",""multiplier"":1.0},{""key"":""large"",""label"":""Large"",""hint"":""Full bowl / generous"",""multiplier"":1.35}]}","{""bowl"":{""multiplier"":1,""label"":""bowl"",""step"":0.5,""min"":0.5,""max"":4},""gram"":{""multiplier"":0.00556,""label"":""g"",""step"":10,""min"":30,""max"":600}}",mfp_avg
egg-masala,Egg masala,अंडा मसाला,nonveg_curry,bowl,265,13.0,"1 katori (~180g, 2 eggs)",egg masala,non_veg|home_cooked|high_protein,false,true,50,bowl_scale,"{""default_key"":""regular"",""options"":[{""key"":""small"",""label"":""Small"",""hint"":""½ katori / light"",""multiplier"":0.75},{""key"":""regular"",""label"":""Regular"",""hint"":""1 katori (~180g)"",""multiplier"":1.0},{""key"":""large"",""label"":""Large"",""hint"":""Full bowl / generous"",""multiplier"":1.35}]}","{""bowl"":{""multiplier"":1,""label"":""bowl"",""step"":0.5,""min"":0.5,""max"":4},""gram"":{""multiplier"":0.00556,""label"":""g"",""step"":10,""min"":30,""max"":600}}",mfp_avg
chicken-tikka,Chicken tikka,चिकन टिक्का,nonveg_starters,piece,50,6.5,1 piece (~30g),chicken tikka,non_veg|restaurant|high_protein,false,false,92,count,"{""default_key"":""regular"",""options"":[{""key"":""regular"",""label"":""Standard"",""multiplier"":1.0}]}","{""piece"":{""multiplier"":1,""label"":""piece"",""step"":1,""min"":1,""max"":12},""gram"":{""multiplier"":0.03333,""label"":""g"",""step"":10,""min"":10,""max"":360}}",mfp_avg
tandoori-chicken-quarter,Tandoori chicken (quarter),तंदूरी चिकन,nonveg_starters,piece,280,32.0,1 quarter piece (~150g),tandoori chicken,non_veg|restaurant|high_protein,false,false,88,hand_portion,"{""default_key"":""regular"",""options"":[{""key"":""small"",""label"":""Light"",""hint"":""Palm size"",""multiplier"":0.75},{""key"":""regular"",""label"":""Normal"",""hint"":""1 piece"",""multiplier"":1.0},{""key"":""large"",""label"":""Hearty"",""hint"":""Generous"",""multiplier"":1.5}]}","{""piece"":{""multiplier"":1,""label"":""piece"",""step"":0.5,""min"":0.5,""max"":4}}",mfp_avg
chicken-malai-tikka,Chicken malai tikka,चिकन मलाई टिक्का,nonveg_starters,piece,55,6.0,1 piece (~30g),chicken malai tikka|malai tikka,non_veg|restaurant|high_protein,false,false,65,count,"{""default_key"":""regular"",""options"":[{""key"":""regular"",""label"":""Standard"",""multiplier"":1.0}]}","{""piece"":{""multiplier"":1,""label"":""piece"",""step"":1,""min"":1,""max"":12},""gram"":{""multiplier"":0.03333,""label"":""g"",""step"":10,""min"":10,""max"":360}}",mfp_avg
chicken-seekh-kebab,Chicken seekh kebab,चिकन सीख कबाब,nonveg_starters,piece,125,11.0,1 skewer (~50g),chicken seekh|seekh kebab,non_veg|restaurant|high_protein,false,false,70,count,"{""default_key"":""regular"",""options"":[{""key"":""regular"",""label"":""Standard"",""multiplier"":1.0}]}","{""piece"":{""multiplier"":1,""label"":""piece"",""step"":1,""min"":1,""max"":8},""gram"":{""multiplier"":0.02,""label"":""g"",""step"":10,""min"":10,""max"":400}}",mfp_avg
mutton-seekh-kebab,Mutton seekh kebab,मटन सीख कबाब,nonveg_starters,piece,145,11.0,1 skewer (~50g),mutton seekh|lamb seekh kebab,non_veg|restaurant|high_protein,false,false,55,count,"{""default_key"":""regular"",""options"":[{""key"":""regular"",""label"":""Standard"",""multiplier"":1.0}]}","{""piece"":{""multiplier"":1,""label"":""piece"",""step"":1,""min"":1,""max"":8},""gram"":{""multiplier"":0.02,""label"":""g"",""step"":10,""min"":10,""max"":400}}",mfp_avg
reshmi-kebab,Reshmi kebab,रेशमी कबाब,nonveg_starters,piece,60,6.5,1 piece (~30g),reshmi kebab|reshmi chicken,non_veg|restaurant|high_protein,false,false,45,count,"{""default_key"":""regular"",""options"":[{""key"":""regular"",""label"":""Standard"",""multiplier"":1.0}]}","{""piece"":{""multiplier"":1,""label"":""piece"",""step"":1,""min"":1,""max"":12},""gram"":{""multiplier"":0.03333,""label"":""g"",""step"":10,""min"":10,""max"":360}}",mfp_avg
chicken-65,Chicken 65,चिकन 65,nonveg_starters,piece,35,3.0,1 piece (~15g),chicken 65,non_veg|south_indian|high_protein,true,false,70,count,"{""default_key"":""regular"",""options"":[{""key"":""regular"",""label"":""Standard"",""multiplier"":1.0}]}","{""piece"":{""multiplier"":1,""label"":""piece"",""step"":1,""min"":4,""max"":20}}",mfp_avg
chilli-chicken-dry,Chilli chicken (dry),चिली चिकन,nonveg_starters,bowl,345,26.0,1 plate (~180g),chilli chicken dry|indo chinese chicken,non_veg|indo_chinese|high_protein,true,false,75,bowl_scale,"{""default_key"":""regular"",""options"":[{""key"":""small"",""label"":""Small"",""hint"":""½ katori / light"",""multiplier"":0.75},{""key"":""regular"",""label"":""Regular"",""hint"":""1 katori (~180g)"",""multiplier"":1.0},{""key"":""large"",""label"":""Large"",""hint"":""Full bowl / generous"",""multiplier"":1.35}]}","{""bowl"":{""multiplier"":1,""label"":""bowl"",""step"":0.5,""min"":0.5,""max"":4},""gram"":{""multiplier"":0.00556,""label"":""g"",""step"":10,""min"":30,""max"":600}}",mfp_avg
chicken-lollipop,Chicken lollipop,चिकन लॉलिपॉप,nonveg_starters,piece,80,6.0,1 piece (~35g),chicken lollipop|lollipop,non_veg|restaurant,true,false,65,count,"{""default_key"":""regular"",""options"":[{""key"":""regular"",""label"":""Standard"",""multiplier"":1.0}]}","{""piece"":{""multiplier"":1,""label"":""piece"",""step"":1,""min"":2,""max"":12}}",mfp_avg
tangri-kebab,Tangri kebab,तंगड़ी कबाब,nonveg_starters,piece,145,14.0,1 leg piece (~75g),tangri kebab|chicken drumstick tandoori,non_veg|restaurant|high_protein,false,false,50,count,"{""default_key"":""regular"",""options"":[{""key"":""regular"",""label"":""Standard"",""multiplier"":1.0}]}","{""piece"":{""multiplier"":1,""label"":""piece"",""step"":1,""min"":1,""max"":6},""gram"":{""multiplier"":0.01333,""label"":""g"",""step"":10,""min"":10,""max"":450}}",mfp_avg
galouti-kebab,Galouti kebab,गलौटी कबाब,nonveg_starters,piece,70,5.5,1 piece (~25g),galouti kebab|galauti kebab,non_veg|restaurant|high_protein,false,false,30,count,"{""default_key"":""regular"",""options"":[{""key"":""regular"",""label"":""Standard"",""multiplier"":1.0}]}","{""piece"":{""multiplier"":1,""label"":""piece"",""step"":1,""min"":1,""max"":12},""gram"":{""multiplier"":0.04,""label"":""g"",""step"":10,""min"":10,""max"":300}}",mfp_avg
shami-kebab,Shami kebab,शामी कबाब,nonveg_starters,piece,65,4.5,1 piece (~25g),shami kebab,non_veg|home_cooked|high_protein,false,true,35,count,"{""default_key"":""regular"",""options"":[{""key"":""regular"",""label"":""Standard"",""multiplier"":1.0}]}","{""piece"":{""multiplier"":1,""label"":""piece"",""step"":1,""min"":1,""max"":12},""gram"":{""multiplier"":0.04,""label"":""g"",""step"":10,""min"":10,""max"":300}}",mfp_avg
tandoori-fish-tikka,Tandoori fish tikka,तंदूरी फिश टिक्का,nonveg_starters,piece,40,5.5,1 piece (~25g),fish tikka|tandoori fish,non_veg|restaurant|high_protein|low_cal,false,false,40,count,"{""default_key"":""regular"",""options"":[{""key"":""regular"",""label"":""Standard"",""multiplier"":1.0}]}","{""piece"":{""multiplier"":1,""label"":""piece"",""step"":1,""min"":1,""max"":12},""gram"":{""multiplier"":0.04,""label"":""g"",""step"":10,""min"":10,""max"":300}}",mfp_avg
amritsari-fish,Amritsari fish (fried),अमृतसरी फिश,nonveg_starters,piece,55,4.5,1 piece (~25g),amritsari fish|fried fish,non_veg|restaurant|high_protein,true,false,35,count,"{""default_key"":""regular"",""options"":[{""key"":""regular"",""label"":""Standard"",""multiplier"":1.0}]}","{""piece"":{""multiplier"":1,""label"":""piece"",""step"":1,""min"":2,""max"":12}}",mfp_avg
tandoori-prawn,Tandoori prawn,तंदूरी झींगा,nonveg_starters,piece,35,4.5,1 prawn (~20g),tandoori prawn|tandoori shrimp,non_veg|restaurant|high_protein|low_cal,false,false,30,count,"{""default_key"":""regular"",""options"":[{""key"":""regular"",""label"":""Standard"",""multiplier"":1.0}]}","{""piece"":{""multiplier"":1,""label"":""piece"",""step"":1,""min"":2,""max"":15}}",mfp_avg
fried-chicken-leg,Fried chicken (drumstick),,nonveg_starters,piece,195,18.0,1 drumstick (~85g),fried chicken|kfc style drumstick,non_veg|fried|high_protein,true,false,60,count,"{""default_key"":""regular"",""options"":[{""key"":""regular"",""label"":""Standard"",""multiplier"":1.0}]}","{""piece"":{""multiplier"":1,""label"":""piece"",""step"":1,""min"":1,""max"":5},""gram"":{""multiplier"":0.01176,""label"":""g"",""step"":10,""min"":10,""max"":425}}",mfp_avg
fried-chicken-wing,Fried chicken wing,,nonveg_starters,piece,100,8.0,1 wing (~35g),fried wing|chicken wing,non_veg|fried|high_protein,true,false,55,count,"{""default_key"":""regular"",""options"":[{""key"":""regular"",""label"":""Standard"",""multiplier"":1.0}]}","{""piece"":{""multiplier"":1,""label"":""piece"",""step"":1,""min"":1,""max"":10},""gram"":{""multiplier"":0.02857,""label"":""g"",""step"":10,""min"":10,""max"":350}}",mfp_avg
kfc-hot-wings,KFC Hot Wings (piece),,nonveg_starters,piece,120,9.0,1 wing (~35g),kfc hot wings|hot wings,non_veg|fried|brand|high_protein,true,false,55,count,"{""default_key"":""regular"",""options"":[{""key"":""regular"",""label"":""Standard"",""multiplier"":1.0}]}","{""piece"":{""multiplier"":1,""label"":""piece"",""step"":1,""min"":2,""max"":12}}",brand_kfc
buffalo-wings,Buffalo wings,,nonveg_starters,piece,110,8.5,1 wing (~35g),buffalo wings|spicy wings,non_veg|fried|western,true,false,35,count,"{""default_key"":""regular"",""options"":[{""key"":""regular"",""label"":""Standard"",""multiplier"":1.0}]}","{""piece"":{""multiplier"":1,""label"":""piece"",""step"":1,""min"":2,""max"":12}}",mfp_avg
boiled-egg,Boiled egg,उबला अंडा,eggs_protein,piece,78,6.3,1 large egg (~50g),boiled egg|egg|anda|ubla anda,non_veg|high_protein|home_cooked,false,true,98,count,"{""default_key"":""regular"",""options"":[{""key"":""regular"",""label"":""Standard"",""multiplier"":1.0}]}","{""piece"":{""multiplier"":1,""label"":""piece"",""step"":1,""min"":1,""max"":8},""gram"":{""multiplier"":0.02,""label"":""g"",""step"":10,""min"":10,""max"":400}}",usda_fdc
soft-boiled-egg,Soft-boiled egg,हाफ बॉइल अंडा,eggs_protein,piece,72,6.3,1 large egg (~50g),soft boiled egg|half boil,non_veg|high_protein,false,true,60,count,"{""default_key"":""regular"",""options"":[{""key"":""regular"",""label"":""Standard"",""multiplier"":1.0}]}","{""piece"":{""multiplier"":1,""label"":""piece"",""step"":1,""min"":1,""max"":6},""gram"":{""multiplier"":0.02,""label"":""g"",""step"":10,""min"":10,""max"":300}}",usda_fdc
poached-egg,Poached egg,पोच्ड अंडा,eggs_protein,piece,72,6.3,1 egg (~50g),poached egg,non_veg|high_protein,false,true,40,count,"{""default_key"":""regular"",""options"":[{""key"":""regular"",""label"":""Standard"",""multiplier"":1.0}]}","{""piece"":{""multiplier"":1,""label"":""piece"",""step"":1,""min"":1,""max"":6},""gram"":{""multiplier"":0.02,""label"":""g"",""step"":10,""min"":10,""max"":300}}",usda_fdc
scrambled-eggs,Scrambled eggs (2 eggs),स्क्रैम्बल्ड एग,eggs_protein,serving,200,14.0,2 eggs scrambled,scrambled eggs|akuri,non_veg|high_protein|home_cooked,false,true,75,count,"{""default_key"":""regular"",""options"":[{""key"":""regular"",""label"":""Standard"",""multiplier"":1.0}]}","{""serving"":{""multiplier"":1,""label"":""plate"",""step"":0.5,""min"":0.5,""max"":3}}",usda_fdc
plain-omelette,Plain omelette (2 eggs),आमलेट,eggs_protein,serving,200,14.0,2 egg omelette,omelette|plain omelette|omelet,non_veg|high_protein|home_cooked|breakfast,false,true,90,count,"{""default_key"":""regular"",""options"":[{""key"":""regular"",""label"":""Standard"",""multiplier"":1.0}]}","{""serving"":{""multiplier"":1,""label"":""plate"",""step"":0.5,""min"":0.5,""max"":3}}",usda_fdc
masala-omelette,Masala omelette (2 eggs),मसाला आमलेट,eggs_protein,serving,225,14.0,2 egg masala omelette,masala omelette|indian omelette,non_veg|high_protein|home_cooked,false,true,80,count,"{""default_key"":""regular"",""options"":[{""key"":""regular"",""label"":""Standard"",""multiplier"":1.0}]}","{""serving"":{""multiplier"":1,""label"":""plate"",""step"":0.5,""min"":0.5,""max"":3}}",mfp_avg
cheese-omelette,Cheese omelette (2 eggs),चीज़ आमलेट,eggs_protein,serving,290,18.0,2 egg cheese omelette,cheese omelette,non_veg|high_protein,false,true,50,count,"{""default_key"":""regular"",""options"":[{""key"":""regular"",""label"":""Standard"",""multiplier"":1.0}]}","{""serving"":{""multiplier"":1,""label"":""plate"",""step"":0.5,""min"":0.5,""max"":3}}",mfp_avg
egg-bhurji,Egg bhurji / Anda bhurji (2 eggs),अंडा भुर्जी,eggs_protein,serving,230,14.0,2 egg bhurji,egg bhurji|anda bhurji|indian scramble,non_veg|high_protein|home_cooked,false,true,80,count,"{""default_key"":""regular"",""options"":[{""key"":""regular"",""label"":""Standard"",""multiplier"":1.0}]}","{""serving"":{""multiplier"":1,""label"":""plate"",""step"":0.5,""min"":0.5,""max"":3}}",mfp_avg
half-fry-egg,Half fry / Sunny side up,हाफ फ्राई,eggs_protein,piece,95,6.3,1 egg fried,half fry|sunny side up|fried egg,non_veg|high_protein|home_cooked|breakfast,false,true,75,count,"{""default_key"":""regular"",""options"":[{""key"":""regular"",""label"":""Standard"",""multiplier"":1.0}]}","{""piece"":{""multiplier"":1,""label"":""piece"",""step"":1,""min"":1,""max"":6},""gram"":{""multiplier"":0.02,""label"":""g"",""step"":10,""min"":10,""max"":300}}",usda_fdc
french-toast,French toast (1 slice),फ्रेंच टोस्ट,eggs_protein,piece,165,6.0,1 slice (~50g),french toast|egg toast,non_veg|breakfast|western,false,true,35,count,"{""default_key"":""regular"",""options"":[{""key"":""regular"",""label"":""Standard"",""multiplier"":1.0}]}","{""piece"":{""multiplier"":1,""label"":""piece"",""step"":1,""min"":1,""max"":6},""gram"":{""multiplier"":0.02,""label"":""g"",""step"":10,""min"":10,""max"":300}}",usda_fdc
egg-white-omelette,Egg white omelette (3 whites),अंडे की सफ़ेदी आमलेट,eggs_protein,serving,90,18.0,3 egg white omelette,egg white omelette|white omelette,non_veg|high_protein|low_cal,false,true,55,count,"{""default_key"":""regular"",""options"":[{""key"":""regular"",""label"":""Standard"",""multiplier"":1.0}]}","{""serving"":{""multiplier"":1,""label"":""plate"",""step"":0.5,""min"":0.5,""max"":3}}",mfp_avg
paneer-cubes-raw,Paneer cubes (raw),पनीर,eggs_protein,serving,265,18.0,100g paneer,paneer|cottage cheese|chenna,veg|high_protein,false,true,80,gram_only,"{""default_key"":""regular"",""options"":[{""key"":""regular"",""label"":""Standard"",""multiplier"":1.0}]}","{""gram"":{""multiplier"":0.01,""label"":""g"",""step"":10,""min"":20,""max"":300},""serving"":{""multiplier"":1,""label"":""100g"",""step"":1,""min"":0.5,""max"":3}}",ifct_2017
grilled-paneer,Grilled paneer (plain),ग्रिल्ड पनीर,eggs_protein,serving,290,19.0,100g grilled paneer,grilled paneer|tandoori paneer,veg|high_protein,false,true,55,gram_only,"{""default_key"":""regular"",""options"":[{""key"":""regular"",""label"":""Standard"",""multiplier"":1.0}]}","{""gram"":{""multiplier"":0.01,""label"":""g"",""step"":10,""min"":20,""max"":300},""serving"":{""multiplier"":1,""label"":""100g"",""step"":1,""min"":0.5,""max"":3}}",mfp_avg
tofu-cubes,Tofu (cooked plain),टोफू,eggs_protein,serving,145,16.0,100g tofu,tofu|soy paneer,veg|high_protein,false,true,40,gram_only,"{""default_key"":""regular"",""options"":[{""key"":""regular"",""label"":""Standard"",""multiplier"":1.0}]}","{""gram"":{""multiplier"":0.01,""label"":""g"",""step"":10,""min"":20,""max"":300},""serving"":{""multiplier"":1,""label"":""100g"",""step"":1,""min"":0.5,""max"":3}}",usda_fdc
grilled-chicken-breast,Grilled chicken breast (plain),ग्रिल्ड चिकन,eggs_protein,serving,165,31.0,100g grilled chicken,grilled chicken|chicken breast|plain chicken,non_veg|high_protein|low_fat,false,true,85,gram_only,"{""default_key"":""regular"",""options"":[{""key"":""regular"",""label"":""Standard"",""multiplier"":1.0}]}","{""gram"":{""multiplier"":0.01,""label"":""g"",""step"":10,""min"":50,""max"":400},""serving"":{""multiplier"":1,""label"":""100g"",""step"":1,""min"":0.5,""max"":4}}",usda_fdc
samosa,Samosa,समोसा,snacks_chaat,piece,150,3.0,1 medium samosa (~60g),samosa|aloo samosa,veg|fried|street_food,true,false,92,count,"{""default_key"":""regular"",""options"":[{""key"":""small"",""label"":""Small"",""multiplier"":0.8},{""key"":""regular"",""label"":""Medium"",""multiplier"":1.0},{""key"":""large"",""label"":""Large"",""multiplier"":1.3}]}","{""piece"":{""multiplier"":1,""label"":""piece"",""step"":1,""min"":1,""max"":6},""gram"":{""multiplier"":0.01667,""label"":""g"",""step"":10,""min"":10,""max"":360}}",mfp_avg
mini-samosa,Mini samosa,मिनी समोसा,snacks_chaat,piece,70,1.5,1 mini (~30g),mini samosa|cocktail samosa,veg|fried|party_snack,true,false,55,count,"{""default_key"":""regular"",""options"":[{""key"":""regular"",""label"":""Standard"",""multiplier"":1.0}]}","{""piece"":{""multiplier"":1,""label"":""piece"",""step"":1,""min"":1,""max"":12},""gram"":{""multiplier"":0.03333,""label"":""g"",""step"":10,""min"":10,""max"":360}}",mfp_avg
punjabi-samosa,Punjabi samosa (large),पंजाबी समोसा,snacks_chaat,piece,175,3.5,1 large (~75g),punjabi samosa|big samosa,veg|fried|street_food,true,false,50,count,"{""default_key"":""regular"",""options"":[{""key"":""regular"",""label"":""Standard"",""multiplier"":1.0}]}","{""piece"":{""multiplier"":1,""label"":""piece"",""step"":1,""min"":1,""max"":5},""gram"":{""multiplier"":0.01333,""label"":""g"",""step"":10,""min"":10,""max"":375}}",mfp_avg
kachori,Kachori,कचौरी,snacks_chaat,piece,130,3.0,1 kachori (~50g),kachori|dal kachori,veg|fried|street_food,true,false,60,count,"{""default_key"":""regular"",""options"":[{""key"":""regular"",""label"":""Standard"",""multiplier"":1.0}]}","{""piece"":{""multiplier"":1,""label"":""piece"",""step"":1,""min"":1,""max"":6},""gram"":{""multiplier"":0.02,""label"":""g"",""step"":10,""min"":10,""max"":300}}",mfp_avg
pyaaz-kachori,Pyaaz kachori,प्याज कचौरी,snacks_chaat,piece,165,3.5,1 kachori (~60g),pyaaz kachori|onion kachori,veg|fried|street_food,true,false,40,count,"{""default_key"":""regular"",""options"":[{""key"":""regular"",""label"":""Standard"",""multiplier"":1.0}]}","{""piece"":{""multiplier"":1,""label"":""piece"",""step"":1,""min"":1,""max"":6},""gram"":{""multiplier"":0.01667,""label"":""g"",""step"":10,""min"":10,""max"":360}}",mfp_avg
vada-pav,Vada pav,वड़ा पाव,snacks_chaat,piece,285,7.0,1 vada pav,vada pav|mumbai burger|wada pao,veg|fried|street_food|mumbai,true,false,80,count,"{""default_key"":""regular"",""options"":[{""key"":""regular"",""label"":""Standard"",""multiplier"":1.0}]}","{""piece"":{""multiplier"":1,""label"":""piece"",""step"":1,""min"":1,""max"":5}}",mfp_avg
misal-pav,Misal pav (1 plate),मिसल पाव,snacks_chaat,serving,380,12.0,1 plate (misal + 2 pav),misal pav|misal,veg|maharashtrian|street_food,false,false,65,count,"{""default_key"":""regular"",""options"":[{""key"":""regular"",""label"":""Standard"",""multiplier"":1.0}]}","{""serving"":{""multiplier"":1,""label"":""plate"",""step"":0.5,""min"":0.5,""max"":2}}",mfp_avg
pav-bhaji,Pav bhaji (1 plate),पाव भाजी,snacks_chaat,serving,480,12.0,1 plate (bhaji + 2 pav),pav bhaji,veg|maharashtrian|street_food,true,false,78,count,"{""default_key"":""regular"",""options"":[{""key"":""regular"",""label"":""Standard"",""multiplier"":1.0}]}","{""serving"":{""multiplier"":1,""label"":""plate"",""step"":0.5,""min"":0.5,""max"":2}}",mfp_avg
bhel-puri,Bhel puri (1 plate),भेल पूरी,snacks_chaat,serving,245,6.0,1 plate (~100g),bhel puri|bhel|chaat,veg|street_food|chaat,true,false,65,count,"{""default_key"":""regular"",""options"":[{""key"":""regular"",""label"":""Standard"",""multiplier"":1.0}]}","{""serving"":{""multiplier"":1,""label"":""plate"",""step"":0.5,""min"":0.5,""max"":2}}",mfp_avg
sev-puri,Sev puri (6 pcs),सेव पूरी,snacks_chaat,piece,55,1.2,1 puri loaded,sev puri|sevpuri,veg|street_food|chaat,true,false,60,count,"{""default_key"":""regular"",""options"":[{""key"":""regular"",""label"":""Standard"",""multiplier"":1.0}]}","{""piece"":{""multiplier"":1,""label"":""piece"",""step"":1,""min"":2,""max"":15}}",mfp_avg
pani-puri,Pani puri / Golgappa,पानी पूरी,snacks_chaat,piece,30,0.6,1 puri,pani puri|golgappa|puchka|gol gappa,veg|street_food|chaat,true,false,90,count,"{""default_key"":""regular"",""options"":[{""key"":""regular"",""label"":""Standard"",""multiplier"":1.0}]}","{""piece"":{""multiplier"":1,""label"":""piece"",""step"":1,""min"":4,""max"":20}}",mfp_avg
dahi-puri,Dahi puri (6 pcs),दही पूरी,snacks_chaat,piece,50,1.3,1 puri,dahi puri|dahi sev puri,veg|street_food|chaat,false,false,60,count,"{""default_key"":""regular"",""options"":[{""key"":""regular"",""label"":""Standard"",""multiplier"":1.0}]}","{""piece"":{""multiplier"":1,""label"":""piece"",""step"":1,""min"":2,""max"":15}}",mfp_avg
dahi-vada,Dahi vada,दही वड़ा,snacks_chaat,piece,115,3.5,1 vada with curd (~60g),dahi vada|dahi bhalla,veg|home_cooked,false,true,55,count,"{""default_key"":""regular"",""options"":[{""key"":""regular"",""label"":""Standard"",""multiplier"":1.0}]}","{""piece"":{""multiplier"":1,""label"":""piece"",""step"":1,""min"":1,""max"":6},""gram"":{""multiplier"":0.01667,""label"":""g"",""step"":10,""min"":10,""max"":360}}",mfp_avg
aloo-chaat,Aloo chaat (1 plate),आलू चाट,snacks_chaat,serving,280,5.0,1 plate (~150g),aloo chaat|potato chaat,veg|street_food|chaat,true,false,55,count,"{""default_key"":""regular"",""options"":[{""key"":""regular"",""label"":""Standard"",""multiplier"":1.0}]}","{""serving"":{""multiplier"":1,""label"":""plate"",""step"":0.5,""min"":0.5,""max"":2}}",mfp_avg
papdi-chaat,Papdi chaat (1 plate),पापड़ी चाट,snacks_chaat,serving,320,7.0,1 plate (~150g),papdi chaat|papri chaat,veg|street_food|chaat,true,false,55,count,"{""default_key"":""regular"",""options"":[{""key"":""regular"",""label"":""Standard"",""multiplier"":1.0}]}","{""serving"":{""multiplier"":1,""label"":""plate"",""step"":0.5,""min"":0.5,""max"":2}}",mfp_avg
ragda-pattice,Ragda pattice (1 plate),रगड़ा पैटिस,snacks_chaat,serving,340,9.0,1 plate (~180g),ragda pattice|ragada pattice,veg|street_food|mumbai,false,false,35,count,"{""default_key"":""regular"",""options"":[{""key"":""regular"",""label"":""Standard"",""multiplier"":1.0}]}","{""serving"":{""multiplier"":1,""label"":""plate"",""step"":0.5,""min"":0.5,""max"":2}}",mfp_avg
idli,Idli,इडली,snacks_chaat,piece,50,2.0,1 idli (~50g),idli|idly|steam cake,veg|south_indian|breakfast|low_cal,false,true,90,count,"{""default_key"":""regular"",""options"":[{""key"":""regular"",""label"":""Standard"",""multiplier"":1.0}]}","{""piece"":{""multiplier"":1,""label"":""piece"",""step"":1,""min"":1,""max"":10},""gram"":{""multiplier"":0.02,""label"":""g"",""step"":10,""min"":10,""max"":500}}",ifct_2017
rava-idli,Rava idli,रवा इडली,snacks_chaat,piece,85,2.5,1 rava idli (~60g),rava idli|sooji idli,veg|south_indian|breakfast,false,true,45,count,"{""default_key"":""regular"",""options"":[{""key"":""regular"",""label"":""Standard"",""multiplier"":1.0}]}","{""piece"":{""multiplier"":1,""label"":""piece"",""step"":1,""min"":1,""max"":8},""gram"":{""multiplier"":0.01667,""label"":""g"",""step"":10,""min"":10,""max"":480}}",mfp_avg
plain-dosa,Plain dosa,डोसा,snacks_chaat,piece,170,4.0,1 large (~80g),dosa|plain dosa|dosai,veg|south_indian|breakfast,false,true,85,count,"{""default_key"":""regular"",""options"":[{""key"":""small"",""label"":""Small"",""multiplier"":0.8},{""key"":""regular"",""label"":""Medium"",""multiplier"":1.0},{""key"":""large"",""label"":""Large"",""multiplier"":1.3}]}","{""piece"":{""multiplier"":1,""label"":""piece"",""step"":1,""min"":1,""max"":4},""gram"":{""multiplier"":0.0125,""label"":""g"",""step"":10,""min"":10,""max"":320}}",mfp_avg
masala-dosa,Masala dosa,मसाला डोसा,snacks_chaat,piece,290,7.0,1 large (~130g w/ filling),masala dosa|mysore masala dosa,veg|south_indian|breakfast,false,true,92,count,"{""default_key"":""regular"",""options"":[{""key"":""small"",""label"":""Small"",""multiplier"":0.8},{""key"":""regular"",""label"":""Medium"",""multiplier"":1.0},{""key"":""large"",""label"":""Large"",""multiplier"":1.3}]}","{""piece"":{""multiplier"":1,""label"":""piece"",""step"":1,""min"":1,""max"":3},""gram"":{""multiplier"":0.00769,""label"":""g"",""step"":10,""min"":10,""max"":390}}",mfp_avg
onion-dosa,Onion dosa,प्याज़ डोसा,snacks_chaat,piece,220,5.0,1 large (~95g),onion dosa|pyaaz dosa,veg|south_indian|breakfast,false,true,50,count,"{""default_key"":""regular"",""options"":[{""key"":""small"",""label"":""Small"",""multiplier"":0.8},{""key"":""regular"",""label"":""Medium"",""multiplier"":1.0},{""key"":""large"",""label"":""Large"",""multiplier"":1.3}]}","{""piece"":{""multiplier"":1,""label"":""piece"",""step"":1,""min"":1,""max"":4},""gram"":{""multiplier"":0.01053,""label"":""g"",""step"":10,""min"":10,""max"":380}}",mfp_avg
rava-dosa,Rava dosa,रवा डोसा,snacks_chaat,piece,250,5.0,1 large (~100g),rava dosa|sooji dosa,veg|south_indian|breakfast,false,true,55,count,"{""default_key"":""regular"",""options"":[{""key"":""small"",""label"":""Small"",""multiplier"":0.8},{""key"":""regular"",""label"":""Medium"",""multiplier"":1.0},{""key"":""large"",""label"":""Large"",""multiplier"":1.3}]}","{""piece"":{""multiplier"":1,""label"":""piece"",""step"":1,""min"":1,""max"":4},""gram"":{""multiplier"":0.01,""label"":""g"",""step"":10,""min"":10,""max"":400}}",mfp_avg
set-dosa,Set dosa (3 pcs),सेट डोसा,snacks_chaat,piece,100,2.5,1 mini dosa (~35g),set dosa|sponge dosa,veg|south_indian|breakfast,false,true,35,count,"{""default_key"":""regular"",""options"":[{""key"":""regular"",""label"":""Standard"",""multiplier"":1.0}]}","{""piece"":{""multiplier"":1,""label"":""piece"",""step"":1,""min"":2,""max"":8}}",mfp_avg
uttapam-plain,Uttapam (plain),उत्तपम,snacks_chaat,piece,175,5.0,1 uttapam (~100g),uttapam|uttappam,veg|south_indian|breakfast,false,true,50,count,"{""default_key"":""regular"",""options"":[{""key"":""small"",""label"":""Small"",""multiplier"":0.8},{""key"":""regular"",""label"":""Medium"",""multiplier"":1.0},{""key"":""large"",""label"":""Large"",""multiplier"":1.3}]}","{""piece"":{""multiplier"":1,""label"":""piece"",""step"":1,""min"":1,""max"":4},""gram"":{""multiplier"":0.01,""label"":""g"",""step"":10,""min"":10,""max"":400}}",mfp_avg
onion-uttapam,Onion uttapam,प्याज़ उत्तपम,snacks_chaat,piece,190,5.0,1 uttapam (~110g),onion uttapam,veg|south_indian|breakfast,false,true,40,count,"{""default_key"":""regular"",""options"":[{""key"":""small"",""label"":""Small"",""multiplier"":0.8},{""key"":""regular"",""label"":""Medium"",""multiplier"":1.0},{""key"":""large"",""label"":""Large"",""multiplier"":1.3}]}","{""piece"":{""multiplier"":1,""label"":""piece"",""step"":1,""min"":1,""max"":4},""gram"":{""multiplier"":0.00909,""label"":""g"",""step"":10,""min"":10,""max"":440}}",mfp_avg
medu-vada,Medu vada,मेदु वड़ा,snacks_chaat,piece,80,2.5,1 vada (~35g),medu vada|urad vada|uddina vade,veg|south_indian|fried,false,true,65,count,"{""default_key"":""regular"",""options"":[{""key"":""regular"",""label"":""Standard"",""multiplier"":1.0}]}","{""piece"":{""multiplier"":1,""label"":""piece"",""step"":1,""min"":1,""max"":8},""gram"":{""multiplier"":0.02857,""label"":""g"",""step"":10,""min"":10,""max"":280}}",mfp_avg
sambar-vada,Sambar vada (2 vadas),सांभर वड़ा,snacks_chaat,serving,250,8.0,1 plate (2 vadas in sambar),sambar vada|vada sambar,veg|south_indian,false,true,55,count,"{""default_key"":""regular"",""options"":[{""key"":""regular"",""label"":""Standard"",""multiplier"":1.0}]}","{""serving"":{""multiplier"":1,""label"":""plate"",""step"":0.5,""min"":0.5,""max"":2}}",mfp_avg
appam,Appam,अप्पम,snacks_chaat,piece,110,2.0,1 appam (~60g),appam|aappam|hopper,veg|kerala|south_indian,false,true,35,count,"{""default_key"":""regular"",""options"":[{""key"":""regular"",""label"":""Standard"",""multiplier"":1.0}]}","{""piece"":{""multiplier"":1,""label"":""piece"",""step"":1,""min"":1,""max"":6},""gram"":{""multiplier"":0.01667,""label"":""g"",""step"":10,""min"":10,""max"":360}}",mfp_avg
idiyappam,Idiyappam / String hopper,इडियप्पम,snacks_chaat,piece,105,2.0,1 nest (~50g),idiyappam|sevai|string hopper,veg|south_indian,false,true,30,count,"{""default_key"":""regular"",""options"":[{""key"":""regular"",""label"":""Standard"",""multiplier"":1.0}]}","{""piece"":{""multiplier"":1,""label"":""piece"",""step"":1,""min"":1,""max"":6},""gram"":{""multiplier"":0.02,""label"":""g"",""step"":10,""min"":10,""max"":300}}",mfp_avg
puttu,Puttu,पुट्टू,snacks_chaat,serving,210,4.0,1 cylinder (~180g),puttu|steamed rice cake,veg|kerala|breakfast,false,true,25,count,"{""default_key"":""regular"",""options"":[{""key"":""regular"",""label"":""Standard"",""multiplier"":1.0}]}","{""serving"":{""multiplier"":1,""label"":""plate"",""step"":0.5,""min"":0.5,""max"":2}}",mfp_avg
dhokla-khaman,Khaman dhokla,खमण ढोकला,snacks_chaat,piece,55,2.0,1 piece (~30g),dhokla|khaman dhokla|gujarati dhokla,veg|gujarati|steamed|home_cooked,false,true,70,count,"{""default_key"":""regular"",""options"":[{""key"":""regular"",""label"":""Standard"",""multiplier"":1.0}]}","{""piece"":{""multiplier"":1,""label"":""piece"",""step"":1,""min"":1,""max"":12},""gram"":{""multiplier"":0.03333,""label"":""g"",""step"":10,""min"":10,""max"":360}}",mfp_avg
dhokla-white,Plain dhokla (rice),ढोकला,snacks_chaat,piece,50,1.8,1 piece (~30g),white dhokla|rice dhokla,veg|gujarati|steamed,false,true,45,count,"{""default_key"":""regular"",""options"":[{""key"":""regular"",""label"":""Standard"",""multiplier"":1.0}]}","{""piece"":{""multiplier"":1,""label"":""piece"",""step"":1,""min"":1,""max"":12},""gram"":{""multiplier"":0.03333,""label"":""g"",""step"":10,""min"":10,""max"":360}}",mfp_avg
khandvi,Khandvi,खांडवी,snacks_chaat,piece,25,1.0,1 roll (~12g),khandvi,veg|gujarati|home_cooked,false,true,35,count,"{""default_key"":""regular"",""options"":[{""key"":""regular"",""label"":""Standard"",""multiplier"":1.0}]}","{""piece"":{""multiplier"":1,""label"":""piece"",""step"":1,""min"":2,""max"":15}}",mfp_avg
patra,Patra / Patrode,पात्रा,snacks_chaat,piece,65,1.7,1 slice (~25g),patra|patrode|arbi leaf roll,veg|gujarati|home_cooked,false,true,25,count,"{""default_key"":""regular"",""options"":[{""key"":""regular"",""label"":""Standard"",""multiplier"":1.0}]}","{""piece"":{""multiplier"":1,""label"":""piece"",""step"":1,""min"":2,""max"":10}}",mfp_avg
handvo,Handvo,हांडवो,snacks_chaat,piece,210,6.0,1 slice (~80g),handvo|handva,veg|gujarati|home_cooked,false,true,25,count,"{""default_key"":""regular"",""options"":[{""key"":""regular"",""label"":""Standard"",""multiplier"":1.0}]}","{""piece"":{""multiplier"":1,""label"":""piece"",""step"":1,""min"":1,""max"":5},""gram"":{""multiplier"":0.0125,""label"":""g"",""step"":10,""min"":10,""max"":400}}",mfp_avg
thepla,Thepla,ઢેપળા,snacks_chaat,piece,130,3.5,1 thepla (~50g),thepla|methi thepla,veg|gujarati|home_cooked,false,true,60,count,"{""default_key"":""regular"",""options"":[{""key"":""regular"",""label"":""Standard"",""multiplier"":1.0}]}","{""piece"":{""multiplier"":1,""label"":""piece"",""step"":1,""min"":1,""max"":8},""gram"":{""multiplier"":0.02,""label"":""g"",""step"":10,""min"":10,""max"":400}}",mfp_avg
sabudana-khichdi,Sabudana khichdi (1 katori),साबूदाना खिचड़ी,snacks_chaat,bowl,345,4.5,1 katori (~180g),sabudana khichdi|sabudana|sago khichdi,veg|home_cooked|fasting,false,true,60,bowl_scale,"{""default_key"":""regular"",""options"":[{""key"":""small"",""label"":""Small"",""hint"":""½ katori / light"",""multiplier"":0.75},{""key"":""regular"",""label"":""Regular"",""hint"":""1 katori (~180g)"",""multiplier"":1.0},{""key"":""large"",""label"":""Large"",""hint"":""Full bowl / generous"",""multiplier"":1.35}]}","{""bowl"":{""multiplier"":1,""label"":""bowl"",""step"":0.5,""min"":0.5,""max"":4},""gram"":{""multiplier"":0.00556,""label"":""g"",""step"":10,""min"":30,""max"":600}}",mfp_avg
sabudana-vada,Sabudana vada,साबूदाना वड़ा,snacks_chaat,piece,105,1.5,1 vada (~35g),sabudana vada|sago vada,veg|maharashtrian|fried|fasting,true,false,35,count,"{""default_key"":""regular"",""options"":[{""key"":""regular"",""label"":""Standard"",""multiplier"":1.0}]}","{""piece"":{""multiplier"":1,""label"":""piece"",""step"":1,""min"":2,""max"":10}}",mfp_avg
fafda,Fafda,ફાફડા,snacks_chaat,serving,475,13.0,100g (~half packet),fafda|gujarati snack,veg|gujarati|fried|snack,true,false,35,gram_only,"{""default_key"":""regular"",""options"":[{""key"":""regular"",""label"":""Standard"",""multiplier"":1.0}]}","{""gram"":{""multiplier"":0.01,""label"":""g"",""step"":10,""min"":10,""max"":200},""serving"":{""multiplier"":1,""label"":""100g pack"",""step"":0.5,""min"":0.5,""max"":3}}",label_pack
gathiya,Gathiya,ગાંઠિયા,snacks_chaat,serving,530,11.0,100g (~half packet),gathiya|gathia,veg|gujarati|fried|snack,true,false,30,gram_only,"{""default_key"":""regular"",""options"":[{""key"":""regular"",""label"":""Standard"",""multiplier"":1.0}]}","{""gram"":{""multiplier"":0.01,""label"":""g"",""step"":10,""min"":10,""max"":200},""serving"":{""multiplier"":1,""label"":""100g pack"",""step"":0.5,""min"":0.5,""max"":3}}",label_pack
bhujia-sev,Bhujia / Sev (mix),भुजिया,snacks_chaat,serving,555,13.0,100g (~half packet),bhujia|sev|namkeen,veg|fried|snack,true,false,55,gram_only,"{""default_key"":""regular"",""options"":[{""key"":""regular"",""label"":""Standard"",""multiplier"":1.0}]}","{""gram"":{""multiplier"":0.01,""label"":""g"",""step"":10,""min"":10,""max"":200},""serving"":{""multiplier"":1,""label"":""100g pack"",""step"":0.5,""min"":0.5,""max"":3}}",label_pack
mathri,Mathri,मठरी,snacks_chaat,piece,60,1.0,1 mathri (~15g),mathri|mathari,veg|fried|snack|home_cooked,true,false,30,count,"{""default_key"":""regular"",""options"":[{""key"":""regular"",""label"":""Standard"",""multiplier"":1.0}]}","{""piece"":{""multiplier"":1,""label"":""piece"",""step"":1,""min"":2,""max"":10}}",mfp_avg
chakli-murukku,Chakli / Murukku,चकली,snacks_chaat,piece,50,1.0,1 piece (~12g),chakli|murukku|chakri,veg|south_indian|snack,true,false,30,count,"{""default_key"":""regular"",""options"":[{""key"":""regular"",""label"":""Standard"",""multiplier"":1.0}]}","{""piece"":{""multiplier"":1,""label"":""piece"",""step"":1,""min"":2,""max"":10}}",mfp_avg
spring-roll-veg,Spring roll (veg),स्प्रिंग रोल,snacks_chaat,piece,145,3.0,1 roll (~50g),spring roll|veg spring roll,veg|indo_chinese|fried,true,false,50,count,"{""default_key"":""regular"",""options"":[{""key"":""regular"",""label"":""Standard"",""multiplier"":1.0}]}","{""piece"":{""multiplier"":1,""label"":""piece"",""step"":1,""min"":1,""max"":6},""gram"":{""multiplier"":0.02,""label"":""g"",""step"":10,""min"":10,""max"":300}}",mfp_avg
momo-veg-steamed,Veg momo (steamed),वेज मोमो,snacks_chaat,piece,38,1.2,1 momo (~18g),veg momo|dimsum|momos,veg|tibetan|steamed,false,false,80,count,"{""default_key"":""regular"",""options"":[{""key"":""regular"",""label"":""Standard"",""multiplier"":1.0}]}","{""piece"":{""multiplier"":1,""label"":""piece"",""step"":1,""min"":2,""max"":15}}",mfp_avg
momo-chicken-steamed,Chicken momo (steamed),चिकन मोमो,snacks_chaat,piece,55,3.5,1 momo (~20g),chicken momo|non-veg momo,non_veg|tibetan|steamed,false,false,80,count,"{""default_key"":""regular"",""options"":[{""key"":""regular"",""label"":""Standard"",""multiplier"":1.0}]}","{""piece"":{""multiplier"":1,""label"":""piece"",""step"":1,""min"":2,""max"":15}}",mfp_avg
momo-fried,Fried momo,फ्राइड मोमो,snacks_chaat,piece,65,1.8,1 momo (~22g),fried momo|crispy momo,veg|tibetan|fried,true,false,60,count,"{""default_key"":""regular"",""options"":[{""key"":""regular"",""label"":""Standard"",""multiplier"":1.0}]}","{""piece"":{""multiplier"":1,""label"":""piece"",""step"":1,""min"":2,""max"":15}}",mfp_avg
pakora-mixed,Pakora / Pakoda (mixed),पकोड़ा,snacks_chaat,piece,45,1.0,1 piece (~15g),pakora|pakoda|bhajia|fritter,veg|fried|home_cooked|chai_time,true,true,70,count,"{""default_key"":""regular"",""options"":[{""key"":""regular"",""label"":""Standard"",""multiplier"":1.0}]}","{""piece"":{""multiplier"":1,""label"":""piece"",""step"":1,""min"":2,""max"":15}}",mfp_avg
onion-bhajia,Onion bhajia / Pyaaz pakora,प्याज़ पकोड़ा,snacks_chaat,piece,50,1.0,1 piece (~16g),onion bhajia|onion pakora|kanda bhaji,veg|fried|chai_time,true,true,70,count,"{""default_key"":""regular"",""options"":[{""key"":""regular"",""label"":""Standard"",""multiplier"":1.0}]}","{""piece"":{""multiplier"":1,""label"":""piece"",""step"":1,""min"":2,""max"":15}}",mfp_avg
mirchi-bhaji,Mirchi bhaji / Mirchi vada,मिर्ची भजी,snacks_chaat,piece,80,1.7,1 piece (~25g),mirchi bhaji|mirchi vada|chilli pakora,veg|fried|street_food,true,false,35,count,"{""default_key"":""regular"",""options"":[{""key"":""regular"",""label"":""Standard"",""multiplier"":1.0}]}","{""piece"":{""multiplier"":1,""label"":""piece"",""step"":1,""min"":1,""max"":10},""gram"":{""multiplier"":0.04,""label"":""g"",""step"":10,""min"":10,""max"":250}}",mfp_avg
paneer-pakora,Paneer pakora,पनीर पकोड़ा,snacks_chaat,piece,75,3.5,1 piece (~25g),paneer pakora|paneer fritter,veg|fried|high_protein,true,false,55,count,"{""default_key"":""regular"",""options"":[{""key"":""regular"",""label"":""Standard"",""multiplier"":1.0}]}","{""piece"":{""multiplier"":1,""label"":""piece"",""step"":1,""min"":1,""max"":10},""gram"":{""multiplier"":0.04,""label"":""g"",""step"":10,""min"":10,""max"":250}}",mfp_avg
kathi-roll-veg,Veg kathi roll,वेज काठी रोल,snacks_chaat,piece,280,8.0,1 roll (~150g),veg kathi roll|veg roll|frankie,veg|street_food|wrap,false,false,60,count,"{""default_key"":""regular"",""options"":[{""key"":""regular"",""label"":""Standard"",""multiplier"":1.0}]}","{""piece"":{""multiplier"":1,""label"":""piece"",""step"":1,""min"":1,""max"":3},""gram"":{""multiplier"":0.00667,""label"":""g"",""step"":10,""min"":10,""max"":450}}",mfp_avg
kathi-roll-paneer,Paneer kathi roll,पनीर काठी रोल,snacks_chaat,piece,340,16.0,1 roll (~160g),paneer roll|paneer kathi,veg|street_food|wrap|high_protein,false,false,65,count,"{""default_key"":""regular"",""options"":[{""key"":""regular"",""label"":""Standard"",""multiplier"":1.0}]}","{""piece"":{""multiplier"":1,""label"":""piece"",""step"":1,""min"":1,""max"":3},""gram"":{""multiplier"":0.00625,""label"":""g"",""step"":10,""min"":10,""max"":480}}",mfp_avg
kathi-roll-chicken,Chicken kathi roll,चिकन काठी रोल,snacks_chaat,piece,360,22.0,1 roll (~170g),chicken roll|chicken kathi|chicken frankie,non_veg|street_food|wrap|high_protein,false,false,75,count,"{""default_key"":""regular"",""options"":[{""key"":""regular"",""label"":""Standard"",""multiplier"":1.0}]}","{""piece"":{""multiplier"":1,""label"":""piece"",""step"":1,""min"":1,""max"":3},""gram"":{""multiplier"":0.00588,""label"":""g"",""step"":10,""min"":10,""max"":510}}",mfp_avg
kathi-roll-egg,Egg kathi roll,अंडा रोल,snacks_chaat,piece,300,12.0,1 roll (~150g),egg roll|anda roll,non_veg|street_food|wrap,false,false,55,count,"{""default_key"":""regular"",""options"":[{""key"":""regular"",""label"":""Standard"",""multiplier"":1.0}]}","{""piece"":{""multiplier"":1,""label"":""piece"",""step"":1,""min"":1,""max"":3},""gram"":{""multiplier"":0.00667,""label"":""g"",""step"":10,""min"":10,""max"":450}}",mfp_avg
pizza-margherita-slice,Pizza margherita (slice),,snacks_chaat,piece,285,12.0,"1 slice (regular, ~100g)",pizza|margherita|cheese pizza,veg|western|restaurant,true,false,88,count,"{""default_key"":""regular"",""options"":[{""key"":""small"",""label"":""Small"",""multiplier"":0.8},{""key"":""regular"",""label"":""Medium"",""multiplier"":1.0},{""key"":""large"",""label"":""Large"",""multiplier"":1.3}]}","{""piece"":{""multiplier"":1,""label"":""piece"",""step"":1,""min"":1,""max"":8},""gram"":{""multiplier"":0.01,""label"":""g"",""step"":10,""min"":10,""max"":800}}",mfp_avg
pizza-pepperoni-slice,Pizza pepperoni (slice),,snacks_chaat,piece,310,13.0,1 slice (~105g),pepperoni pizza,non_veg|western|restaurant,true,false,55,count,"{""default_key"":""regular"",""options"":[{""key"":""small"",""label"":""Small"",""multiplier"":0.8},{""key"":""regular"",""label"":""Medium"",""multiplier"":1.0},{""key"":""large"",""label"":""Large"",""multiplier"":1.3}]}","{""piece"":{""multiplier"":1,""label"":""piece"",""step"":1,""min"":1,""max"":8},""gram"":{""multiplier"":0.00952,""label"":""g"",""step"":10,""min"":10,""max"":840}}",mfp_avg
pizza-chicken-slice,Pizza chicken (slice),,snacks_chaat,piece,305,14.0,1 slice (~110g),chicken pizza|tandoori chicken pizza,non_veg|western|restaurant,true,false,70,count,"{""default_key"":""regular"",""options"":[{""key"":""small"",""label"":""Small"",""multiplier"":0.8},{""key"":""regular"",""label"":""Medium"",""multiplier"":1.0},{""key"":""large"",""label"":""Large"",""multiplier"":1.3}]}","{""piece"":{""multiplier"":1,""label"":""piece"",""step"":1,""min"":1,""max"":8},""gram"":{""multiplier"":0.00909,""label"":""g"",""step"":10,""min"":10,""max"":880}}",mfp_avg
pizza-veg-loaded-slice,Pizza veg loaded (slice),,snacks_chaat,piece,270,11.0,1 slice (~100g),veg pizza|veg supreme pizza,veg|western|restaurant,true,false,65,count,"{""default_key"":""regular"",""options"":[{""key"":""small"",""label"":""Small"",""multiplier"":0.8},{""key"":""regular"",""label"":""Medium"",""multiplier"":1.0},{""key"":""large"",""label"":""Large"",""multiplier"":1.3}]}","{""piece"":{""multiplier"":1,""label"":""piece"",""step"":1,""min"":1,""max"":8},""gram"":{""multiplier"":0.01,""label"":""g"",""step"":10,""min"":10,""max"":800}}",mfp_avg
dominos-medium-margherita-slice,Domino's Margherita medium (slice),,snacks_chaat,piece,150,5.5,1 slice (~70g),dominos pizza|dominos margherita,veg|western|brand,true,false,65,count,"{""default_key"":""regular"",""options"":[{""key"":""regular"",""label"":""Standard"",""multiplier"":1.0}]}","{""piece"":{""multiplier"":1,""label"":""piece"",""step"":1,""min"":1,""max"":8}}",brand_dominos
burger-veg,Veg burger,वेज बर्गर,snacks_chaat,piece,320,11.0,1 burger (~180g),veg burger|burger|aloo burger,veg|western|fast_food,true,false,78,count,"{""default_key"":""regular"",""options"":[{""key"":""small"",""label"":""Small"",""multiplier"":0.8},{""key"":""regular"",""label"":""Medium"",""multiplier"":1.0},{""key"":""large"",""label"":""Large"",""multiplier"":1.3}]}","{""piece"":{""multiplier"":1,""label"":""piece"",""step"":1,""min"":1,""max"":3},""gram"":{""multiplier"":0.00556,""label"":""g"",""step"":10,""min"":10,""max"":540}}",mfp_avg
burger-chicken,Chicken burger,चिकन बर्गर,snacks_chaat,piece,380,22.0,1 burger (~200g),chicken burger,non_veg|western|fast_food|high_protein,true,false,80,count,"{""default_key"":""regular"",""options"":[{""key"":""small"",""label"":""Small"",""multiplier"":0.8},{""key"":""regular"",""label"":""Medium"",""multiplier"":1.0},{""key"":""large"",""label"":""Large"",""multiplier"":1.3}]}","{""piece"":{""multiplier"":1,""label"":""piece"",""step"":1,""min"":1,""max"":3},""gram"":{""multiplier"":0.005,""label"":""g"",""step"":10,""min"":10,""max"":600}}",mfp_avg
mcaloo-tikki-burger,McAloo Tikki burger,,snacks_chaat,piece,340,8.0,1 burger,mcaloo tikki|aloo tikki burger|mcd aloo,veg|brand|fast_food,true,false,75,count,"{""default_key"":""regular"",""options"":[{""key"":""regular"",""label"":""Standard"",""multiplier"":1.0}]}","{""piece"":{""multiplier"":1,""label"":""piece"",""step"":1,""min"":1,""max"":4}}",brand_mcdonalds
mcveggie,McVeggie,,snacks_chaat,piece,405,12.0,1 burger,mcveggie|mcd veggie,veg|brand|fast_food,true,false,65,count,"{""default_key"":""regular"",""options"":[{""key"":""regular"",""label"":""Standard"",""multiplier"":1.0}]}","{""piece"":{""multiplier"":1,""label"":""piece"",""step"":1,""min"":1,""max"":4}}",brand_mcdonalds
mcchicken,McChicken,,snacks_chaat,piece,400,22.0,1 burger,mcchicken|mcd chicken,non_veg|brand|fast_food|high_protein,true,false,65,count,"{""default_key"":""regular"",""options"":[{""key"":""regular"",""label"":""Standard"",""multiplier"":1.0}]}","{""piece"":{""multiplier"":1,""label"":""piece"",""step"":1,""min"":1,""max"":4}}",brand_mcdonalds
french-fries-small,French fries (small),,snacks_chaat,serving,230,3.0,1 small fries,french fries|fries|small fries,veg|fried|fast_food,true,false,75,count,"{""default_key"":""regular"",""options"":[{""key"":""regular"",""label"":""Standard"",""multiplier"":1.0}]}","{""serving"":{""multiplier"":1,""label"":""plate"",""step"":0.5,""min"":0.5,""max"":3}}",mfp_avg
french-fries-medium,French fries (medium),,snacks_chaat,serving,340,4.0,1 medium fries,fries medium|medium fries,veg|fried|fast_food,true,false,65,count,"{""default_key"":""regular"",""options"":[{""key"":""regular"",""label"":""Standard"",""multiplier"":1.0}]}","{""serving"":{""multiplier"":1,""label"":""plate"",""step"":0.5,""min"":0.5,""max"":3}}",mfp_avg
garlic-bread,Garlic bread (2 slices),,snacks_chaat,piece,120,3.5,1 slice (~35g),garlic bread,veg|western|bakery,false,false,60,count,"{""default_key"":""regular"",""options"":[{""key"":""regular"",""label"":""Standard"",""multiplier"":1.0}]}","{""piece"":{""multiplier"":1,""label"":""piece"",""step"":1,""min"":1,""max"":10},""gram"":{""multiplier"":0.02857,""label"":""g"",""step"":10,""min"":10,""max"":350}}",mfp_avg
sandwich-veg-grilled,Grilled veg sandwich,,snacks_chaat,piece,280,10.0,1 sandwich (~150g),veg sandwich|grilled sandwich|veg grilled,veg|breakfast|cafe,false,false,75,count,"{""default_key"":""regular"",""options"":[{""key"":""regular"",""label"":""Standard"",""multiplier"":1.0}]}","{""piece"":{""multiplier"":1,""label"":""piece"",""step"":1,""min"":1,""max"":3},""gram"":{""multiplier"":0.00667,""label"":""g"",""step"":10,""min"":10,""max"":450}}",mfp_avg
sandwich-cheese-grilled,Cheese grilled sandwich,,snacks_chaat,piece,350,14.0,1 sandwich (~150g),cheese sandwich|grilled cheese,veg|cafe,false,false,70,count,"{""default_key"":""regular"",""options"":[{""key"":""regular"",""label"":""Standard"",""multiplier"":1.0}]}","{""piece"":{""multiplier"":1,""label"":""piece"",""step"":1,""min"":1,""max"":3},""gram"":{""multiplier"":0.00667,""label"":""g"",""step"":10,""min"":10,""max"":450}}",mfp_avg
sandwich-chicken-grilled,Grilled chicken sandwich,,snacks_chaat,piece,380,25.0,1 sandwich (~170g),chicken sandwich|grilled chicken sandwich,non_veg|cafe|high_protein,false,false,65,count,"{""default_key"":""regular"",""options"":[{""key"":""regular"",""label"":""Standard"",""multiplier"":1.0}]}","{""piece"":{""multiplier"":1,""label"":""piece"",""step"":1,""min"":1,""max"":3},""gram"":{""multiplier"":0.00588,""label"":""g"",""step"":10,""min"":10,""max"":510}}",mfp_avg
bombay-sandwich,Bombay sandwich,,snacks_chaat,piece,320,9.0,1 sandwich (~160g),bombay sandwich|chutney sandwich,veg|street_food|mumbai,false,false,50,count,"{""default_key"":""regular"",""options"":[{""key"":""regular"",""label"":""Standard"",""multiplier"":1.0}]}","{""piece"":{""multiplier"":1,""label"":""piece"",""step"":1,""min"":1,""max"":3},""gram"":{""multiplier"":0.00625,""label"":""g"",""step"":10,""min"":10,""max"":480}}",mfp_avg
subway-veggie-6inch,Subway 6-inch Veggie Delite,,snacks_chaat,piece,230,9.0,1 sub (6-inch),subway veggie|veggie delite|subway veg,veg|brand|sub,false,false,55,count,"{""default_key"":""regular"",""options"":[{""key"":""regular"",""label"":""Standard"",""multiplier"":1.0}]}","{""piece"":{""multiplier"":1,""label"":""piece"",""step"":0.5,""min"":0.5,""max"":2}}",brand_subway
subway-chicken-teriyaki-6inch,Subway 6-inch Chicken Teriyaki,,snacks_chaat,piece,365,25.0,1 sub (6-inch),subway teriyaki|chicken sub|subway chicken,non_veg|brand|sub|high_protein,false,false,55,count,"{""default_key"":""regular"",""options"":[{""key"":""regular"",""label"":""Standard"",""multiplier"":1.0}]}","{""piece"":{""multiplier"":1,""label"":""piece"",""step"":0.5,""min"":0.5,""max"":2}}",brand_subway
burrito-veg,Veg burrito,,snacks_chaat,piece,520,14.0,1 large (~300g),veg burrito|burrito|mexican wrap,veg|mexican|wrap,false,false,40,count,"{""default_key"":""regular"",""options"":[{""key"":""regular"",""label"":""Standard"",""multiplier"":1.0}]}","{""piece"":{""multiplier"":1,""label"":""piece"",""step"":1,""min"":1,""max"":2},""gram"":{""multiplier"":0.00333,""label"":""g"",""step"":10,""min"":10,""max"":600}}",mfp_avg
burrito-chicken,Chicken burrito,,snacks_chaat,piece,620,32.0,1 large (~320g),chicken burrito,non_veg|mexican|high_protein,false,false,40,count,"{""default_key"":""regular"",""options"":[{""key"":""regular"",""label"":""Standard"",""multiplier"":1.0}]}","{""piece"":{""multiplier"":1,""label"":""piece"",""step"":1,""min"":1,""max"":2},""gram"":{""multiplier"":0.00313,""label"":""g"",""step"":10,""min"":10,""max"":640}}",mfp_avg
taco-veg,Veg taco,,snacks_chaat,piece,145,4.0,1 taco (~75g),veg taco|taco,veg|mexican,false,false,35,count,"{""default_key"":""regular"",""options"":[{""key"":""regular"",""label"":""Standard"",""multiplier"":1.0}]}","{""piece"":{""multiplier"":1,""label"":""piece"",""step"":1,""min"":1,""max"":6},""gram"":{""multiplier"":0.01333,""label"":""g"",""step"":10,""min"":10,""max"":450}}",mfp_avg
taco-chicken,Chicken taco,,snacks_chaat,piece,165,9.0,1 taco (~80g),chicken taco,non_veg|mexican|high_protein,false,false,35,count,"{""default_key"":""regular"",""options"":[{""key"":""regular"",""label"":""Standard"",""multiplier"":1.0}]}","{""piece"":{""multiplier"":1,""label"":""piece"",""step"":1,""min"":1,""max"":6},""gram"":{""multiplier"":0.0125,""label"":""g"",""step"":10,""min"":10,""max"":480}}",mfp_avg
quesadilla,Quesadilla (chicken),,snacks_chaat,piece,540,22.0,1 large (~250g),quesadilla|chicken quesadilla,non_veg|mexican|high_protein,false,false,30,count,"{""default_key"":""regular"",""options"":[{""key"":""regular"",""label"":""Standard"",""multiplier"":1.0}]}","{""piece"":{""multiplier"":1,""label"":""piece"",""step"":1,""min"":1,""max"":2},""gram"":{""multiplier"":0.004,""label"":""g"",""step"":10,""min"":10,""max"":500}}",mfp_avg
sushi-roll-veg,Sushi roll (veg),,snacks_chaat,piece,35,0.8,1 piece (~16g),veg sushi|sushi roll,veg|japanese,false,false,30,count,"{""default_key"":""regular"",""options"":[{""key"":""regular"",""label"":""Standard"",""multiplier"":1.0}]}","{""piece"":{""multiplier"":1,""label"":""piece"",""step"":1,""min"":4,""max"":15}}",mfp_avg
sushi-roll-salmon,Sushi roll (salmon),,snacks_chaat,piece,45,2.0,1 piece (~18g),sushi salmon|salmon roll|maki,non_veg|japanese|high_protein,false,false,30,count,"{""default_key"":""regular"",""options"":[{""key"":""regular"",""label"":""Standard"",""multiplier"":1.0}]}","{""piece"":{""multiplier"":1,""label"":""piece"",""step"":1,""min"":4,""max"":15}}",mfp_avg
maggi-noodles-cooked,Maggi noodles (1 pack cooked),मैगी,snacks_chaat,serving,310,7.0,1 pack (~70g raw),maggi|maggi noodles|2 min noodles,veg|brand|packaged|junk,true,false,90,count,"{""default_key"":""regular"",""options"":[{""key"":""regular"",""label"":""Standard"",""multiplier"":1.0}]}","{""serving"":{""multiplier"":1,""label"":""plate"",""step"":0.5,""min"":0.5,""max"":2}}",brand_nestle
yippee-noodles,Yippee noodles (1 pack cooked),,snacks_chaat,serving,295,7.0,1 pack (~70g raw),yippee|yippee noodles,veg|brand|packaged|junk,true,false,50,count,"{""default_key"":""regular"",""options"":[{""key"":""regular"",""label"":""Standard"",""multiplier"":1.0}]}","{""serving"":{""multiplier"":1,""label"":""plate"",""step"":0.5,""min"":0.5,""max"":2}}",brand_itc
cup-noodles,Cup noodles (1 cup),,snacks_chaat,serving,290,6.0,1 cup (~70g raw),cup noodles|nissin cup noodles,veg|brand|packaged|junk,true,false,50,count,"{""default_key"":""regular"",""options"":[{""key"":""regular"",""label"":""Standard"",""multiplier"":1.0}]}","{""serving"":{""multiplier"":1,""label"":""plate"",""step"":0.5,""min"":0.5,""max"":2}}",brand_nissin
lays-classic,Lay's Classic Salted (small pack),,snacks_chaat,serving,165,2.0,1 small pack (~30g),lays|lays classic|chips|potato chips,veg|brand|packaged|junk,true,false,70,gram_only,"{""default_key"":""regular"",""options"":[{""key"":""regular"",""label"":""Standard"",""multiplier"":1.0}]}","{""gram"":{""multiplier"":0.0333,""label"":""g"",""step"":5,""min"":10,""max"":150},""serving"":{""multiplier"":1,""label"":""30g pack"",""step"":1,""min"":0.5,""max"":3}}",brand_lays
lays-magic-masala,Lay's Magic Masala (30g),,snacks_chaat,serving,160,2.0,1 pack (~30g),lays magic masala|magic masala chips,veg|brand|packaged|junk,true,false,70,gram_only,"{""default_key"":""regular"",""options"":[{""key"":""regular"",""label"":""Standard"",""multiplier"":1.0}]}","{""gram"":{""multiplier"":0.0333,""label"":""g"",""step"":5,""min"":10,""max"":150},""serving"":{""multiplier"":1,""label"":""30g pack"",""step"":1,""min"":0.5,""max"":3}}",brand_lays
kurkure-masala-munch,Kurkure Masala Munch (30g),,snacks_chaat,serving,170,2.0,1 pack (~30g),kurkure|masala munch,veg|brand|packaged|junk,true,false,60,gram_only,"{""default_key"":""regular"",""options"":[{""key"":""regular"",""label"":""Standard"",""multiplier"":1.0}]}","{""gram"":{""multiplier"":0.0333,""label"":""g"",""step"":5,""min"":10,""max"":150},""serving"":{""multiplier"":1,""label"":""30g pack"",""step"":1,""min"":0.5,""max"":3}}",brand_pepsico
bingo-mad-angles,Bingo Mad Angles (30g),,snacks_chaat,serving,165,2.0,1 pack (~30g),bingo|mad angles,veg|brand|packaged|junk,true,false,45,gram_only,"{""default_key"":""regular"",""options"":[{""key"":""regular"",""label"":""Standard"",""multiplier"":1.0}]}","{""gram"":{""multiplier"":0.0333,""label"":""g"",""step"":5,""min"":10,""max"":150},""serving"":{""multiplier"":1,""label"":""30g pack"",""step"":1,""min"":0.5,""max"":3}}",brand_itc
doritos,Doritos (30g),,snacks_chaat,serving,150,2.0,1 small pack (~30g),doritos|nacho chips,veg|brand|packaged|junk,true,false,30,gram_only,"{""default_key"":""regular"",""options"":[{""key"":""regular"",""label"":""Standard"",""multiplier"":1.0}]}","{""gram"":{""multiplier"":0.0333,""label"":""g"",""step"":5,""min"":10,""max"":150},""serving"":{""multiplier"":1,""label"":""30g pack"",""step"":1,""min"":0.5,""max"":3}}",brand_pepsico
parle-g-biscuit,Parle-G biscuit,पारले जी,snacks_chaat,piece,22,0.4,1 biscuit (~4.5g),parle g|parle biscuit|glucose biscuit,veg|brand|packaged|biscuit,true,false,65,count,"{""default_key"":""regular"",""options"":[{""key"":""regular"",""label"":""Standard"",""multiplier"":1.0}]}","{""piece"":{""multiplier"":1,""label"":""piece"",""step"":1,""min"":2,""max"":20}}",brand_parle
marie-biscuit,Britannia Marie biscuit,,snacks_chaat,piece,18,0.4,1 biscuit (~4g),marie biscuit|britannia marie,veg|brand|packaged|biscuit,false,false,55,count,"{""default_key"":""regular"",""options"":[{""key"":""regular"",""label"":""Standard"",""multiplier"":1.0}]}","{""piece"":{""multiplier"":1,""label"":""piece"",""step"":1,""min"":2,""max"":20}}",brand_britannia
oreo-biscuit,Oreo biscuit,,snacks_chaat,piece,50,0.5,1 biscuit (~10g),oreo|oreo cookie,veg|brand|packaged|biscuit,true,false,55,count,"{""default_key"":""regular"",""options"":[{""key"":""regular"",""label"":""Standard"",""multiplier"":1.0}]}","{""piece"":{""multiplier"":1,""label"":""piece"",""step"":1,""min"":2,""max"":15}}",brand_oreo
hide-seek-chocolate,Hide & Seek chocolate biscuit,,snacks_chaat,piece,40,0.6,1 biscuit (~7g),hide and seek|hide seek|chocolate biscuit,veg|brand|packaged|biscuit,true,false,45,count,"{""default_key"":""regular"",""options"":[{""key"":""regular"",""label"":""Standard"",""multiplier"":1.0}]}","{""piece"":{""multiplier"":1,""label"":""piece"",""step"":1,""min"":2,""max"":15}}",brand_parle
bourbon-biscuit,Bourbon biscuit,,snacks_chaat,piece,50,0.8,1 biscuit (~10g),bourbon biscuit|chocolate cream biscuit,veg|brand|packaged|biscuit,true,false,50,count,"{""default_key"":""regular"",""options"":[{""key"":""regular"",""label"":""Standard"",""multiplier"":1.0}]}","{""piece"":{""multiplier"":1,""label"":""piece"",""step"":1,""min"":2,""max"":15}}",brand_britannia
good-day-biscuit,Good Day biscuit,,snacks_chaat,piece,35,0.5,1 biscuit (~7g),good day|good day biscuit,veg|brand|packaged|biscuit,true,false,45,count,"{""default_key"":""regular"",""options"":[{""key"":""regular"",""label"":""Standard"",""multiplier"":1.0}]}","{""piece"":{""multiplier"":1,""label"":""piece"",""step"":1,""min"":2,""max"":15}}",brand_britannia
masala-chai,Masala chai (with milk + sugar),मसाला चाय,beverages,cup,95,2.5,1 cup (~200ml),chai|masala chai|tea|chaai,veg|home_cooked,false,true,99,cup_scale,"{""default_key"":""regular"",""options"":[{""key"":""small"",""label"":""Small cup"",""hint"":""~150ml"",""multiplier"":0.75},{""key"":""regular"",""label"":""Regular cup"",""hint"":""~200ml"",""multiplier"":1.0},{""key"":""large"",""label"":""Mug"",""hint"":""~300ml"",""multiplier"":1.5}]}","{""cup"":{""multiplier"":1,""label"":""cup"",""step"":0.5,""min"":0.5,""max"":4},""ml"":{""multiplier"":0.005,""label"":""ml"",""step"":50,""min"":50,""max"":750}}",mfp_avg
adrak-chai,Adrak chai,अदरक चाय,beverages,cup,95,2.5,1 cup (~200ml),adrak chai|ginger tea,veg|home_cooked,false,true,70,cup_scale,"{""default_key"":""regular"",""options"":[{""key"":""small"",""label"":""Small cup"",""hint"":""~150ml"",""multiplier"":0.75},{""key"":""regular"",""label"":""Regular cup"",""hint"":""~200ml"",""multiplier"":1.0},{""key"":""large"",""label"":""Mug"",""hint"":""~300ml"",""multiplier"":1.5}]}","{""cup"":{""multiplier"":1,""label"":""cup"",""step"":0.5,""min"":0.5,""max"":4},""ml"":{""multiplier"":0.005,""label"":""ml"",""step"":50,""min"":50,""max"":750}}",mfp_avg
cutting-chai,Cutting chai,कटिंग चाय,beverages,cup,50,1.5,1 small (~100ml),cutting chai|small chai,veg|street_food,false,false,80,cup_scale,"{""default_key"":""regular"",""options"":[{""key"":""small"",""label"":""Small cup"",""hint"":""~150ml"",""multiplier"":0.75},{""key"":""regular"",""label"":""Regular cup"",""hint"":""~200ml"",""multiplier"":1.0},{""key"":""large"",""label"":""Mug"",""hint"":""~300ml"",""multiplier"":1.5}]}","{""cup"":{""multiplier"":1,""label"":""cup"",""step"":0.5,""min"":0.5,""max"":4},""ml"":{""multiplier"":0.01,""label"":""ml"",""step"":50,""min"":50,""max"":750}}",mfp_avg
black-tea-no-sugar,Black tea (no sugar),काली चाय,beverages,cup,5,0.0,1 cup (~200ml),black tea|kaali chai,veg|low_cal,false,true,50,cup_scale,"{""default_key"":""regular"",""options"":[{""key"":""small"",""label"":""Small cup"",""hint"":""~150ml"",""multiplier"":0.75},{""key"":""regular"",""label"":""Regular cup"",""hint"":""~200ml"",""multiplier"":1.0},{""key"":""large"",""label"":""Mug"",""hint"":""~300ml"",""multiplier"":1.5}]}","{""cup"":{""multiplier"":1,""label"":""cup"",""step"":0.5,""min"":0.5,""max"":4},""ml"":{""multiplier"":0.005,""label"":""ml"",""step"":50,""min"":50,""max"":750}}",usda_fdc
black-tea-sugar,Black tea (with sugar),,beverages,cup,35,0.0,1 cup (~200ml),tea with sugar|sweet black tea,veg,false,true,40,cup_scale,"{""default_key"":""regular"",""options"":[{""key"":""small"",""label"":""Small cup"",""hint"":""~150ml"",""multiplier"":0.75},{""key"":""regular"",""label"":""Regular cup"",""hint"":""~200ml"",""multiplier"":1.0},{""key"":""large"",""label"":""Mug"",""hint"":""~300ml"",""multiplier"":1.5}]}","{""cup"":{""multiplier"":1,""label"":""cup"",""step"":0.5,""min"":0.5,""max"":4},""ml"":{""multiplier"":0.005,""label"":""ml"",""step"":50,""min"":50,""max"":750}}",mfp_avg
green-tea,Green tea,ग्रीन टी,beverages,cup,3,0.0,1 cup (~200ml),green tea|grin tea,veg|low_cal,false,true,75,cup_scale,"{""default_key"":""regular"",""options"":[{""key"":""small"",""label"":""Small cup"",""hint"":""~150ml"",""multiplier"":0.75},{""key"":""regular"",""label"":""Regular cup"",""hint"":""~200ml"",""multiplier"":1.0},{""key"":""large"",""label"":""Mug"",""hint"":""~300ml"",""multiplier"":1.5}]}","{""cup"":{""multiplier"":1,""label"":""cup"",""step"":0.5,""min"":0.5,""max"":4},""ml"":{""multiplier"":0.005,""label"":""ml"",""step"":50,""min"":50,""max"":750}}",usda_fdc
lemon-tea,Lemon tea,नींबू चाय,beverages,cup,30,0.0,1 cup (~200ml),lemon tea|nimbu chai,veg|low_cal,false,true,45,cup_scale,"{""default_key"":""regular"",""options"":[{""key"":""small"",""label"":""Small cup"",""hint"":""~150ml"",""multiplier"":0.75},{""key"":""regular"",""label"":""Regular cup"",""hint"":""~200ml"",""multiplier"":1.0},{""key"":""large"",""label"":""Mug"",""hint"":""~300ml"",""multiplier"":1.5}]}","{""cup"":{""multiplier"":1,""label"":""cup"",""step"":0.5,""min"":0.5,""max"":4},""ml"":{""multiplier"":0.005,""label"":""ml"",""step"":50,""min"":50,""max"":750}}",mfp_avg
filter-coffee,Filter coffee (South Indian),फिल्टर कॉफी,beverages,cup,95,3.0,1 davara (~150ml),filter coffee|kaapi|south indian coffee,veg|south_indian,false,true,75,cup_scale,"{""default_key"":""regular"",""options"":[{""key"":""small"",""label"":""Small cup"",""hint"":""~150ml"",""multiplier"":0.75},{""key"":""regular"",""label"":""Regular cup"",""hint"":""~200ml"",""multiplier"":1.0},{""key"":""large"",""label"":""Mug"",""hint"":""~300ml"",""multiplier"":1.5}]}","{""cup"":{""multiplier"":1,""label"":""cup"",""step"":0.5,""min"":0.5,""max"":4},""ml"":{""multiplier"":0.00667,""label"":""ml"",""step"":50,""min"":50,""max"":750}}",mfp_avg
instant-coffee-black,Instant coffee (black),ब्लैक कॉफी,beverages,cup,5,0.0,1 cup (~200ml),black coffee|instant coffee,veg|low_cal,false,true,65,cup_scale,"{""default_key"":""regular"",""options"":[{""key"":""small"",""label"":""Small cup"",""hint"":""~150ml"",""multiplier"":0.75},{""key"":""regular"",""label"":""Regular cup"",""hint"":""~200ml"",""multiplier"":1.0},{""key"":""large"",""label"":""Mug"",""hint"":""~300ml"",""multiplier"":1.5}]}","{""cup"":{""multiplier"":1,""label"":""cup"",""step"":0.5,""min"":0.5,""max"":4},""ml"":{""multiplier"":0.005,""label"":""ml"",""step"":50,""min"":50,""max"":750}}",usda_fdc
instant-coffee-milk,Instant coffee (with milk),मिल्क कॉफी,beverages,cup,70,2.5,1 cup (~200ml),milk coffee|nescafe,veg|home_cooked,false,true,70,cup_scale,"{""default_key"":""regular"",""options"":[{""key"":""small"",""label"":""Small cup"",""hint"":""~150ml"",""multiplier"":0.75},{""key"":""regular"",""label"":""Regular cup"",""hint"":""~200ml"",""multiplier"":1.0},{""key"":""large"",""label"":""Mug"",""hint"":""~300ml"",""multiplier"":1.5}]}","{""cup"":{""multiplier"":1,""label"":""cup"",""step"":0.5,""min"":0.5,""max"":4},""ml"":{""multiplier"":0.005,""label"":""ml"",""step"":50,""min"":50,""max"":750}}",mfp_avg
cappuccino,Cappuccino,,beverages,cup,90,5.0,1 cup (~200ml),cappuccino|cappucino,veg|cafe,false,false,85,cup_scale,"{""default_key"":""regular"",""options"":[{""key"":""small"",""label"":""Small cup"",""hint"":""~150ml"",""multiplier"":0.75},{""key"":""regular"",""label"":""Regular cup"",""hint"":""~200ml"",""multiplier"":1.0},{""key"":""large"",""label"":""Mug"",""hint"":""~300ml"",""multiplier"":1.5}]}","{""cup"":{""multiplier"":1,""label"":""cup"",""step"":0.5,""min"":0.5,""max"":4},""ml"":{""multiplier"":0.005,""label"":""ml"",""step"":50,""min"":50,""max"":750}}",mfp_avg
latte,Latte,,beverages,cup,145,8.0,1 cup (~250ml),latte|cafe latte,veg|cafe,false,false,80,cup_scale,"{""default_key"":""regular"",""options"":[{""key"":""small"",""label"":""Small cup"",""hint"":""~150ml"",""multiplier"":0.75},{""key"":""regular"",""label"":""Regular cup"",""hint"":""~200ml"",""multiplier"":1.0},{""key"":""large"",""label"":""Mug"",""hint"":""~300ml"",""multiplier"":1.5}]}","{""cup"":{""multiplier"":1,""label"":""cup"",""step"":0.5,""min"":0.5,""max"":4},""ml"":{""multiplier"":0.004,""label"":""ml"",""step"":50,""min"":50,""max"":750}}",mfp_avg
cold-coffee,Cold coffee,कोल्ड कॉफी,beverages,cup,220,7.0,1 glass (~250ml),cold coffee|iced coffee,veg|cafe,false,false,80,cup_scale,"{""default_key"":""regular"",""options"":[{""key"":""small"",""label"":""Small cup"",""hint"":""~150ml"",""multiplier"":0.75},{""key"":""regular"",""label"":""Regular cup"",""hint"":""~200ml"",""multiplier"":1.0},{""key"":""large"",""label"":""Mug"",""hint"":""~300ml"",""multiplier"":1.5}]}","{""cup"":{""multiplier"":1,""label"":""cup"",""step"":0.5,""min"":0.5,""max"":4},""ml"":{""multiplier"":0.004,""label"":""ml"",""step"":50,""min"":50,""max"":750}}",mfp_avg
americano,Americano,,beverages,cup,10,0.5,1 cup (~200ml),americano|black coffee shop,veg|cafe|low_cal,false,false,55,cup_scale,"{""default_key"":""regular"",""options"":[{""key"":""small"",""label"":""Small cup"",""hint"":""~150ml"",""multiplier"":0.75},{""key"":""regular"",""label"":""Regular cup"",""hint"":""~200ml"",""multiplier"":1.0},{""key"":""large"",""label"":""Mug"",""hint"":""~300ml"",""multiplier"":1.5}]}","{""cup"":{""multiplier"":1,""label"":""cup"",""step"":0.5,""min"":0.5,""max"":4},""ml"":{""multiplier"":0.005,""label"":""ml"",""step"":50,""min"":50,""max"":750}}",usda_fdc
mocha,Mocha,,beverages,cup,245,6.5,1 cup (~250ml),mocha|caffe mocha,veg|cafe,false,false,50,cup_scale,"{""default_key"":""regular"",""options"":[{""key"":""small"",""label"":""Small cup"",""hint"":""~150ml"",""multiplier"":0.75},{""key"":""regular"",""label"":""Regular cup"",""hint"":""~200ml"",""multiplier"":1.0},{""key"":""large"",""label"":""Mug"",""hint"":""~300ml"",""multiplier"":1.5}]}","{""cup"":{""multiplier"":1,""label"":""cup"",""step"":0.5,""min"":0.5,""max"":4},""ml"":{""multiplier"":0.004,""label"":""ml"",""step"":50,""min"":50,""max"":750}}",mfp_avg
espresso,Espresso shot,,beverages,cup,5,0.3,1 shot (~30ml),espresso|expresso,veg|cafe|low_cal,false,false,40,cup_scale,"{""default_key"":""regular"",""options"":[{""key"":""small"",""label"":""Small cup"",""hint"":""~150ml"",""multiplier"":0.75},{""key"":""regular"",""label"":""Regular cup"",""hint"":""~200ml"",""multiplier"":1.0},{""key"":""large"",""label"":""Mug"",""hint"":""~300ml"",""multiplier"":1.5}]}","{""cup"":{""multiplier"":1,""label"":""cup"",""step"":0.5,""min"":0.5,""max"":4},""ml"":{""multiplier"":0.03333,""label"":""ml"",""step"":50,""min"":50,""max"":750}}",usda_fdc
hot-chocolate,Hot chocolate,हॉट चॉकलेट,beverages,cup,200,7.0,1 cup (~200ml),hot chocolate|hot cocoa,veg|cafe,false,false,50,cup_scale,"{""default_key"":""regular"",""options"":[{""key"":""small"",""label"":""Small cup"",""hint"":""~150ml"",""multiplier"":0.75},{""key"":""regular"",""label"":""Regular cup"",""hint"":""~200ml"",""multiplier"":1.0},{""key"":""large"",""label"":""Mug"",""hint"":""~300ml"",""multiplier"":1.5}]}","{""cup"":{""multiplier"":1,""label"":""cup"",""step"":0.5,""min"":0.5,""max"":4},""ml"":{""multiplier"":0.005,""label"":""ml"",""step"":50,""min"":50,""max"":750}}",mfp_avg
coca-cola,Coca-Cola (can),,beverages,cup,140,0.0,1 can (~330ml),coca cola|coke,veg|brand|sugary|junk,true,false,75,cup_scale,"{""default_key"":""regular"",""options"":[{""key"":""small"",""label"":""Small cup"",""hint"":""~150ml"",""multiplier"":0.75},{""key"":""regular"",""label"":""Regular cup"",""hint"":""~200ml"",""multiplier"":1.0},{""key"":""large"",""label"":""Mug"",""hint"":""~300ml"",""multiplier"":1.5}]}","{""cup"":{""multiplier"":1,""label"":""cup"",""step"":0.5,""min"":0.5,""max"":4},""ml"":{""multiplier"":0.00303,""label"":""ml"",""step"":50,""min"":50,""max"":750}}",brand_coke
pepsi,Pepsi (can),,beverages,cup,150,0.0,1 can (~330ml),pepsi,veg|brand|sugary|junk,true,false,70,cup_scale,"{""default_key"":""regular"",""options"":[{""key"":""small"",""label"":""Small cup"",""hint"":""~150ml"",""multiplier"":0.75},{""key"":""regular"",""label"":""Regular cup"",""hint"":""~200ml"",""multiplier"":1.0},{""key"":""large"",""label"":""Mug"",""hint"":""~300ml"",""multiplier"":1.5}]}","{""cup"":{""multiplier"":1,""label"":""cup"",""step"":0.5,""min"":0.5,""max"":4},""ml"":{""multiplier"":0.00303,""label"":""ml"",""step"":50,""min"":50,""max"":750}}",brand_pepsi
sprite,Sprite (can),,beverages,cup,140,0.0,1 can (~330ml),sprite|lemon soda,veg|brand|sugary|junk,true,false,60,cup_scale,"{""default_key"":""regular"",""options"":[{""key"":""small"",""label"":""Small cup"",""hint"":""~150ml"",""multiplier"":0.75},{""key"":""regular"",""label"":""Regular cup"",""hint"":""~200ml"",""multiplier"":1.0},{""key"":""large"",""label"":""Mug"",""hint"":""~300ml"",""multiplier"":1.5}]}","{""cup"":{""multiplier"":1,""label"":""cup"",""step"":0.5,""min"":0.5,""max"":4},""ml"":{""multiplier"":0.00303,""label"":""ml"",""step"":50,""min"":50,""max"":750}}",brand_sprite
thums-up,Thums Up (can),,beverages,cup,145,0.0,1 can (~330ml),thums up|thumsup,veg|brand|sugary|junk,true,false,50,cup_scale,"{""default_key"":""regular"",""options"":[{""key"":""small"",""label"":""Small cup"",""hint"":""~150ml"",""multiplier"":0.75},{""key"":""regular"",""label"":""Regular cup"",""hint"":""~200ml"",""multiplier"":1.0},{""key"":""large"",""label"":""Mug"",""hint"":""~300ml"",""multiplier"":1.5}]}","{""cup"":{""multiplier"":1,""label"":""cup"",""step"":0.5,""min"":0.5,""max"":4},""ml"":{""multiplier"":0.00303,""label"":""ml"",""step"":50,""min"":50,""max"":750}}",brand_thumsup
diet-coke,Diet Coke (can),,beverages,cup,2,0.0,1 can (~330ml),diet coke|coke zero,veg|brand|low_cal|artificial,false,false,45,cup_scale,"{""default_key"":""regular"",""options"":[{""key"":""small"",""label"":""Small cup"",""hint"":""~150ml"",""multiplier"":0.75},{""key"":""regular"",""label"":""Regular cup"",""hint"":""~200ml"",""multiplier"":1.0},{""key"":""large"",""label"":""Mug"",""hint"":""~300ml"",""multiplier"":1.5}]}","{""cup"":{""multiplier"":1,""label"":""cup"",""step"":0.5,""min"":0.5,""max"":4},""ml"":{""multiplier"":0.00303,""label"":""ml"",""step"":50,""min"":50,""max"":750}}",brand_coke
orange-juice-fresh,Fresh orange juice,संतरे का जूस,beverages,cup,110,2.0,1 glass (~250ml),orange juice|santra juice,veg|home_cooked,false,true,60,cup_scale,"{""default_key"":""regular"",""options"":[{""key"":""small"",""label"":""Small cup"",""hint"":""~150ml"",""multiplier"":0.75},{""key"":""regular"",""label"":""Regular cup"",""hint"":""~200ml"",""multiplier"":1.0},{""key"":""large"",""label"":""Mug"",""hint"":""~300ml"",""multiplier"":1.5}]}","{""cup"":{""multiplier"":1,""label"":""cup"",""step"":0.5,""min"":0.5,""max"":4},""ml"":{""multiplier"":0.004,""label"":""ml"",""step"":50,""min"":50,""max"":750}}",usda_fdc
mosambi-juice,Mosambi juice,मोसम्बी जूस,beverages,cup,90,1.0,1 glass (~250ml),mosambi juice|sweet lime juice,veg|street_food,false,false,50,cup_scale,"{""default_key"":""regular"",""options"":[{""key"":""small"",""label"":""Small cup"",""hint"":""~150ml"",""multiplier"":0.75},{""key"":""regular"",""label"":""Regular cup"",""hint"":""~200ml"",""multiplier"":1.0},{""key"":""large"",""label"":""Mug"",""hint"":""~300ml"",""multiplier"":1.5}]}","{""cup"":{""multiplier"":1,""label"":""cup"",""step"":0.5,""min"":0.5,""max"":4},""ml"":{""multiplier"":0.004,""label"":""ml"",""step"":50,""min"":50,""max"":750}}",mfp_avg
pineapple-juice,Pineapple juice,अनानास जूस,beverages,cup,130,1.0,1 glass (~250ml),pineapple juice,veg,false,false,30,cup_scale,"{""default_key"":""regular"",""options"":[{""key"":""small"",""label"":""Small cup"",""hint"":""~150ml"",""multiplier"":0.75},{""key"":""regular"",""label"":""Regular cup"",""hint"":""~200ml"",""multiplier"":1.0},{""key"":""large"",""label"":""Mug"",""hint"":""~300ml"",""multiplier"":1.5}]}","{""cup"":{""multiplier"":1,""label"":""cup"",""step"":0.5,""min"":0.5,""max"":4},""ml"":{""multiplier"":0.004,""label"":""ml"",""step"":50,""min"":50,""max"":750}}",usda_fdc
watermelon-juice,Watermelon juice,तरबूज जूस,beverages,cup,70,1.0,1 glass (~250ml),watermelon juice|tarbooz juice,veg|summer|low_cal,false,false,45,cup_scale,"{""default_key"":""regular"",""options"":[{""key"":""small"",""label"":""Small cup"",""hint"":""~150ml"",""multiplier"":0.75},{""key"":""regular"",""label"":""Regular cup"",""hint"":""~200ml"",""multiplier"":1.0},{""key"":""large"",""label"":""Mug"",""hint"":""~300ml"",""multiplier"":1.5}]}","{""cup"":{""multiplier"":1,""label"":""cup"",""step"":0.5,""min"":0.5,""max"":4},""ml"":{""multiplier"":0.004,""label"":""ml"",""step"":50,""min"":50,""max"":750}}",mfp_avg
nimbu-pani,Nimbu pani (lemonade),नींबू पानी,beverages,cup,90,0.2,1 glass (~250ml),nimbu pani|lemonade|shikanji|lemon water,veg|home_cooked|summer,false,true,80,cup_scale,"{""default_key"":""regular"",""options"":[{""key"":""small"",""label"":""Small cup"",""hint"":""~150ml"",""multiplier"":0.75},{""key"":""regular"",""label"":""Regular cup"",""hint"":""~200ml"",""multiplier"":1.0},{""key"":""large"",""label"":""Mug"",""hint"":""~300ml"",""multiplier"":1.5}]}","{""cup"":{""multiplier"":1,""label"":""cup"",""step"":0.5,""min"":0.5,""max"":4},""ml"":{""multiplier"":0.004,""label"":""ml"",""step"":50,""min"":50,""max"":750}}",mfp_avg
aam-panna,Aam panna,आम पन्ना,beverages,cup,110,1.0,1 glass (~250ml),aam panna|raw mango drink,veg|home_cooked|summer,false,true,35,cup_scale,"{""default_key"":""regular"",""options"":[{""key"":""small"",""label"":""Small cup"",""hint"":""~150ml"",""multiplier"":0.75},{""key"":""regular"",""label"":""Regular cup"",""hint"":""~200ml"",""multiplier"":1.0},{""key"":""large"",""label"":""Mug"",""hint"":""~300ml"",""multiplier"":1.5}]}","{""cup"":{""multiplier"":1,""label"":""cup"",""step"":0.5,""min"":0.5,""max"":4},""ml"":{""multiplier"":0.004,""label"":""ml"",""step"":50,""min"":50,""max"":750}}",mfp_avg
coconut-water,Coconut water (fresh),नारियल पानी,beverages,cup,45,1.7,1 glass (~250ml),coconut water|nariyal pani,veg|hydration|low_cal,false,true,75,cup_scale,"{""default_key"":""regular"",""options"":[{""key"":""small"",""label"":""Small cup"",""hint"":""~150ml"",""multiplier"":0.75},{""key"":""regular"",""label"":""Regular cup"",""hint"":""~200ml"",""multiplier"":1.0},{""key"":""large"",""label"":""Mug"",""hint"":""~300ml"",""multiplier"":1.5}]}","{""cup"":{""multiplier"":1,""label"":""cup"",""step"":0.5,""min"":0.5,""max"":4},""ml"":{""multiplier"":0.004,""label"":""ml"",""step"":50,""min"":50,""max"":750}}",usda_fdc
sugarcane-juice,Sugarcane juice,गन्ने का रस,beverages,cup,180,0.3,1 glass (~250ml),sugarcane juice|ganne ka ras,veg|street_food,true,false,50,cup_scale,"{""default_key"":""regular"",""options"":[{""key"":""small"",""label"":""Small cup"",""hint"":""~150ml"",""multiplier"":0.75},{""key"":""regular"",""label"":""Regular cup"",""hint"":""~200ml"",""multiplier"":1.0},{""key"":""large"",""label"":""Mug"",""hint"":""~300ml"",""multiplier"":1.5}]}","{""cup"":{""multiplier"":1,""label"":""cup"",""step"":0.5,""min"":0.5,""max"":4},""ml"":{""multiplier"":0.004,""label"":""ml"",""step"":50,""min"":50,""max"":750}}",mfp_avg
mango-shake,Mango shake / milkshake,मैंगो शेक,beverages,cup,285,6.5,1 glass (~300ml),mango shake|mango milkshake|aam shake,veg|summer,true,false,70,cup_scale,"{""default_key"":""regular"",""options"":[{""key"":""small"",""label"":""Small cup"",""hint"":""~150ml"",""multiplier"":0.75},{""key"":""regular"",""label"":""Regular cup"",""hint"":""~200ml"",""multiplier"":1.0},{""key"":""large"",""label"":""Mug"",""hint"":""~300ml"",""multiplier"":1.5}]}","{""cup"":{""multiplier"":1,""label"":""cup"",""step"":0.5,""min"":0.5,""max"":4},""ml"":{""multiplier"":0.00333,""label"":""ml"",""step"":50,""min"":50,""max"":750}}",mfp_avg
banana-shake,Banana shake,बनाना शेक,beverages,cup,245,7.0,1 glass (~300ml),banana shake|banana milkshake,veg|gym,false,false,60,cup_scale,"{""default_key"":""regular"",""options"":[{""key"":""small"",""label"":""Small cup"",""hint"":""~150ml"",""multiplier"":0.75},{""key"":""regular"",""label"":""Regular cup"",""hint"":""~200ml"",""multiplier"":1.0},{""key"":""large"",""label"":""Mug"",""hint"":""~300ml"",""multiplier"":1.5}]}","{""cup"":{""multiplier"":1,""label"":""cup"",""step"":0.5,""min"":0.5,""max"":4},""ml"":{""multiplier"":0.00333,""label"":""ml"",""step"":50,""min"":50,""max"":750}}",mfp_avg
chocolate-milkshake,Chocolate milkshake,चॉकलेट शेक,beverages,cup,320,8.0,1 glass (~300ml),chocolate shake|chocolate milkshake,veg|junk,true,false,55,cup_scale,"{""default_key"":""regular"",""options"":[{""key"":""small"",""label"":""Small cup"",""hint"":""~150ml"",""multiplier"":0.75},{""key"":""regular"",""label"":""Regular cup"",""hint"":""~200ml"",""multiplier"":1.0},{""key"":""large"",""label"":""Mug"",""hint"":""~300ml"",""multiplier"":1.5}]}","{""cup"":{""multiplier"":1,""label"":""cup"",""step"":0.5,""min"":0.5,""max"":4},""ml"":{""multiplier"":0.00333,""label"":""ml"",""step"":50,""min"":50,""max"":750}}",mfp_avg
sweet-lassi,Sweet lassi,मीठी लस्सी,beverages,cup,235,7.0,1 glass (~250ml),sweet lassi|punjabi lassi|meethi lassi,veg|home_cooked|punjabi,false,true,75,cup_scale,"{""default_key"":""regular"",""options"":[{""key"":""small"",""label"":""Small cup"",""hint"":""~150ml"",""multiplier"":0.75},{""key"":""regular"",""label"":""Regular cup"",""hint"":""~200ml"",""multiplier"":1.0},{""key"":""large"",""label"":""Mug"",""hint"":""~300ml"",""multiplier"":1.5}]}","{""cup"":{""multiplier"":1,""label"":""cup"",""step"":0.5,""min"":0.5,""max"":4},""ml"":{""multiplier"":0.004,""label"":""ml"",""step"":50,""min"":50,""max"":750}}",mfp_avg
salted-lassi,Salted lassi,नमकीन लस्सी,beverages,cup,135,7.0,1 glass (~250ml),salted lassi|namkeen lassi,veg|home_cooked,false,true,50,cup_scale,"{""default_key"":""regular"",""options"":[{""key"":""small"",""label"":""Small cup"",""hint"":""~150ml"",""multiplier"":0.75},{""key"":""regular"",""label"":""Regular cup"",""hint"":""~200ml"",""multiplier"":1.0},{""key"":""large"",""label"":""Mug"",""hint"":""~300ml"",""multiplier"":1.5}]}","{""cup"":{""multiplier"":1,""label"":""cup"",""step"":0.5,""min"":0.5,""max"":4},""ml"":{""multiplier"":0.004,""label"":""ml"",""step"":50,""min"":50,""max"":750}}",mfp_avg
mango-lassi,Mango lassi,मैंगो लस्सी,beverages,cup,255,7.0,1 glass (~250ml),mango lassi|aam lassi,veg|summer,false,false,70,cup_scale,"{""default_key"":""regular"",""options"":[{""key"":""small"",""label"":""Small cup"",""hint"":""~150ml"",""multiplier"":0.75},{""key"":""regular"",""label"":""Regular cup"",""hint"":""~200ml"",""multiplier"":1.0},{""key"":""large"",""label"":""Mug"",""hint"":""~300ml"",""multiplier"":1.5}]}","{""cup"":{""multiplier"":1,""label"":""cup"",""step"":0.5,""min"":0.5,""max"":4},""ml"":{""multiplier"":0.004,""label"":""ml"",""step"":50,""min"":50,""max"":750}}",mfp_avg
chaas-buttermilk,Chaas / Buttermilk,छाछ,beverages,cup,75,4.0,1 glass (~250ml),chaas|buttermilk|matha|takra,veg|home_cooked|low_cal,false,true,80,cup_scale,"{""default_key"":""regular"",""options"":[{""key"":""small"",""label"":""Small cup"",""hint"":""~150ml"",""multiplier"":0.75},{""key"":""regular"",""label"":""Regular cup"",""hint"":""~200ml"",""multiplier"":1.0},{""key"":""large"",""label"":""Mug"",""hint"":""~300ml"",""multiplier"":1.5}]}","{""cup"":{""multiplier"":1,""label"":""cup"",""step"":0.5,""min"":0.5,""max"":4},""ml"":{""multiplier"":0.004,""label"":""ml"",""step"":50,""min"":50,""max"":750}}",ifct_2017
plain-curd,Plain curd / Dahi,दही,dairy,cup,65,4.0,1 katori (~100g),curd|dahi|yogurt|yoghurt,veg|home_cooked|high_protein,false,true,96,cup_scale,"{""default_key"":""regular"",""options"":[{""key"":""small"",""label"":""Small cup"",""hint"":""~150ml"",""multiplier"":0.75},{""key"":""regular"",""label"":""Regular cup"",""hint"":""~200ml"",""multiplier"":1.0},{""key"":""large"",""label"":""Mug"",""hint"":""~300ml"",""multiplier"":1.5}]}","{""cup"":{""multiplier"":1,""label"":""katori"",""step"":0.5,""min"":0.5,""max"":4},""gram"":{""multiplier"":0.01,""label"":""g"",""step"":10,""min"":30,""max"":400}}",ifct_2017
hung-curd,Hung curd,हंग कर्ड,dairy,cup,100,5.5,1 katori (~100g),hung curd|chakka,veg|high_protein|home_cooked,false,true,55,cup_scale,"{""default_key"":""regular"",""options"":[{""key"":""small"",""label"":""Small cup"",""hint"":""~150ml"",""multiplier"":0.75},{""key"":""regular"",""label"":""Regular cup"",""hint"":""~200ml"",""multiplier"":1.0},{""key"":""large"",""label"":""Mug"",""hint"":""~300ml"",""multiplier"":1.5}]}","{""cup"":{""multiplier"":1,""label"":""katori"",""step"":0.5,""min"":0.5,""max"":4},""gram"":{""multiplier"":0.01,""label"":""g"",""step"":10,""min"":30,""max"":400}}",mfp_avg
greek-yogurt-plain,Greek yogurt (plain),,dairy,cup,60,10.0,1 small (~100g),greek yogurt|epigamia plain,veg|high_protein,false,false,70,cup_scale,"{""default_key"":""regular"",""options"":[{""key"":""small"",""label"":""Small cup"",""hint"":""~150ml"",""multiplier"":0.75},{""key"":""regular"",""label"":""Regular cup"",""hint"":""~200ml"",""multiplier"":1.0},{""key"":""large"",""label"":""Mug"",""hint"":""~300ml"",""multiplier"":1.5}]}","{""cup"":{""multiplier"":1,""label"":""100g"",""step"":0.5,""min"":0.5,""max"":3},""gram"":{""multiplier"":0.01,""label"":""g"",""step"":10,""min"":30,""max"":300}}",label_pack
flavored-yogurt,Flavored yogurt,,dairy,cup,95,4.0,1 cup (~100g),flavored yogurt|fruit yogurt|epigamia,veg|brand,true,false,50,cup_scale,"{""default_key"":""regular"",""options"":[{""key"":""small"",""label"":""Small cup"",""hint"":""~150ml"",""multiplier"":0.75},{""key"":""regular"",""label"":""Regular cup"",""hint"":""~200ml"",""multiplier"":1.0},{""key"":""large"",""label"":""Mug"",""hint"":""~300ml"",""multiplier"":1.5}]}","{""cup"":{""multiplier"":1,""label"":""100g"",""step"":0.5,""min"":0.5,""max"":3},""gram"":{""multiplier"":0.01,""label"":""g"",""step"":10,""min"":30,""max"":300}}",label_pack
whole-milk,Whole milk,दूध,dairy,cup,150,8.0,1 glass (~250ml),milk|whole milk|full cream milk|doodh,veg|home_cooked,false,true,95,cup_scale,"{""default_key"":""regular"",""options"":[{""key"":""small"",""label"":""Small cup"",""hint"":""~150ml"",""multiplier"":0.75},{""key"":""regular"",""label"":""Regular cup"",""hint"":""~200ml"",""multiplier"":1.0},{""key"":""large"",""label"":""Mug"",""hint"":""~300ml"",""multiplier"":1.5}]}","{""cup"":{""multiplier"":1,""label"":""cup"",""step"":0.5,""min"":0.5,""max"":4},""ml"":{""multiplier"":0.004,""label"":""ml"",""step"":50,""min"":50,""max"":750}}",usda_fdc
toned-milk,Toned milk,टोन्ड दूध,dairy,cup,120,8.0,1 glass (~250ml),toned milk,veg|home_cooked,false,true,80,cup_scale,"{""default_key"":""regular"",""options"":[{""key"":""small"",""label"":""Small cup"",""hint"":""~150ml"",""multiplier"":0.75},{""key"":""regular"",""label"":""Regular cup"",""hint"":""~200ml"",""multiplier"":1.0},{""key"":""large"",""label"":""Mug"",""hint"":""~300ml"",""multiplier"":1.5}]}","{""cup"":{""multiplier"":1,""label"":""cup"",""step"":0.5,""min"":0.5,""max"":4},""ml"":{""multiplier"":0.004,""label"":""ml"",""step"":50,""min"":50,""max"":750}}",ifct_2017
double-toned-milk,Double-toned milk,,dairy,cup,95,8.0,1 glass (~250ml),double toned milk,veg|low_fat,false,true,50,cup_scale,"{""default_key"":""regular"",""options"":[{""key"":""small"",""label"":""Small cup"",""hint"":""~150ml"",""multiplier"":0.75},{""key"":""regular"",""label"":""Regular cup"",""hint"":""~200ml"",""multiplier"":1.0},{""key"":""large"",""label"":""Mug"",""hint"":""~300ml"",""multiplier"":1.5}]}","{""cup"":{""multiplier"":1,""label"":""cup"",""step"":0.5,""min"":0.5,""max"":4},""ml"":{""multiplier"":0.004,""label"":""ml"",""step"":50,""min"":50,""max"":750}}",ifct_2017
skimmed-milk,Skimmed milk,स्किम्ड दूध,dairy,cup,85,8.0,1 glass (~250ml),skimmed milk|skim milk|nonfat milk,veg|low_fat,false,true,55,cup_scale,"{""default_key"":""regular"",""options"":[{""key"":""small"",""label"":""Small cup"",""hint"":""~150ml"",""multiplier"":0.75},{""key"":""regular"",""label"":""Regular cup"",""hint"":""~200ml"",""multiplier"":1.0},{""key"":""large"",""label"":""Mug"",""hint"":""~300ml"",""multiplier"":1.5}]}","{""cup"":{""multiplier"":1,""label"":""cup"",""step"":0.5,""min"":0.5,""max"":4},""ml"":{""multiplier"":0.004,""label"":""ml"",""step"":50,""min"":50,""max"":750}}",usda_fdc
almond-milk-unsweet,Almond milk (unsweetened),,dairy,cup,40,1.5,1 glass (~250ml),almond milk|badam milk unsweet,veg|low_cal|plant_based,false,false,50,cup_scale,"{""default_key"":""regular"",""options"":[{""key"":""small"",""label"":""Small cup"",""hint"":""~150ml"",""multiplier"":0.75},{""key"":""regular"",""label"":""Regular cup"",""hint"":""~200ml"",""multiplier"":1.0},{""key"":""large"",""label"":""Mug"",""hint"":""~300ml"",""multiplier"":1.5}]}","{""cup"":{""multiplier"":1,""label"":""cup"",""step"":0.5,""min"":0.5,""max"":4},""ml"":{""multiplier"":0.004,""label"":""ml"",""step"":50,""min"":50,""max"":750}}",label_pack
soy-milk,Soy milk,सोया दूध,dairy,cup,130,9.0,1 glass (~250ml),soy milk|soya milk,veg|plant_based|high_protein,false,false,45,cup_scale,"{""default_key"":""regular"",""options"":[{""key"":""small"",""label"":""Small cup"",""hint"":""~150ml"",""multiplier"":0.75},{""key"":""regular"",""label"":""Regular cup"",""hint"":""~200ml"",""multiplier"":1.0},{""key"":""large"",""label"":""Mug"",""hint"":""~300ml"",""multiplier"":1.5}]}","{""cup"":{""multiplier"":1,""label"":""cup"",""step"":0.5,""min"":0.5,""max"":4},""ml"":{""multiplier"":0.004,""label"":""ml"",""step"":50,""min"":50,""max"":750}}",label_pack
oat-milk,Oat milk,,dairy,cup,150,4.0,1 glass (~250ml),oat milk,veg|plant_based,false,false,35,cup_scale,"{""default_key"":""regular"",""options"":[{""key"":""small"",""label"":""Small cup"",""hint"":""~150ml"",""multiplier"":0.75},{""key"":""regular"",""label"":""Regular cup"",""hint"":""~200ml"",""multiplier"":1.0},{""key"":""large"",""label"":""Mug"",""hint"":""~300ml"",""multiplier"":1.5}]}","{""cup"":{""multiplier"":1,""label"":""cup"",""step"":0.5,""min"":0.5,""max"":4},""ml"":{""multiplier"":0.004,""label"":""ml"",""step"":50,""min"":50,""max"":750}}",label_pack
cheese-slice,Cheese slice (processed),चीज़ स्लाइस,dairy,piece,70,4.5,1 slice (~20g),cheese slice|amul cheese slice|processed cheese,veg|brand|packaged,false,false,70,count,"{""default_key"":""regular"",""options"":[{""key"":""regular"",""label"":""Standard"",""multiplier"":1.0}]}","{""piece"":{""multiplier"":1,""label"":""piece"",""step"":1,""min"":1,""max"":10},""gram"":{""multiplier"":0.05,""label"":""g"",""step"":10,""min"":10,""max"":200}}",label_pack
cheese-cube,Cheese cube,,dairy,piece,80,5.0,1 cube (~20g),cheese cube|amul cheese cube,veg|brand|packaged,false,false,50,count,"{""default_key"":""regular"",""options"":[{""key"":""regular"",""label"":""Standard"",""multiplier"":1.0}]}","{""piece"":{""multiplier"":1,""label"":""piece"",""step"":1,""min"":1,""max"":12},""gram"":{""multiplier"":0.05,""label"":""g"",""step"":10,""min"":10,""max"":240}}",label_pack
mozzarella,Mozzarella cheese,,dairy,serving,280,22.0,100g,mozzarella|pizza cheese,veg|high_protein,false,false,50,gram_only,"{""default_key"":""regular"",""options"":[{""key"":""regular"",""label"":""Standard"",""multiplier"":1.0}]}","{""gram"":{""multiplier"":0.03333,""label"":""g"",""step"":5,""min"":5,""max"":300},""serving"":{""multiplier"":1,""label"":""serving"",""step"":0.5,""min"":0.5,""max"":5}}",usda_fdc
ghee,Ghee (clarified butter),घी,dairy,tablespoon,135,0.0,1 tbsp (~15g),ghee|clarified butter|asli ghee,veg|home_cooked,false,true,65,gram_only,"{""default_key"":""regular"",""options"":[{""key"":""regular"",""label"":""Standard"",""multiplier"":1.0}]}","{""tablespoon"":{""multiplier"":1,""label"":""tbsp"",""step"":0.5,""min"":0.5,""max"":6},""gram"":{""multiplier"":0.06667,""label"":""g"",""step"":5,""min"":5,""max"":100}}",ifct_2017
butter-salted,Butter (salted),मक्खन,dairy,tablespoon,100,0.1,1 tbsp (~14g),butter|amul butter|makkhan,veg|brand,false,true,70,gram_only,"{""default_key"":""regular"",""options"":[{""key"":""regular"",""label"":""Standard"",""multiplier"":1.0}]}","{""tablespoon"":{""multiplier"":1,""label"":""tbsp"",""step"":0.5,""min"":0.5,""max"":6},""gram"":{""multiplier"":0.07143,""label"":""g"",""step"":5,""min"":5,""max"":100}}",label_pack
white-makhan,White makhan / Homemade butter,सफ़ेद मक्खन,dairy,tablespoon,100,0.2,1 tbsp (~14g),white butter|makhan|homemade butter,veg|home_cooked,false,true,40,gram_only,"{""default_key"":""regular"",""options"":[{""key"":""regular"",""label"":""Standard"",""multiplier"":1.0}]}","{""tablespoon"":{""multiplier"":1,""label"":""tbsp"",""step"":0.5,""min"":0.5,""max"":6},""gram"":{""multiplier"":0.07143,""label"":""g"",""step"":5,""min"":5,""max"":100}}",ifct_2017
malai-cream,Malai (fresh cream),मलाई,dairy,tablespoon,50,0.7,1 tbsp (~15g),malai|fresh cream|cream,veg|home_cooked,false,true,35,gram_only,"{""default_key"":""regular"",""options"":[{""key"":""regular"",""label"":""Standard"",""multiplier"":1.0}]}","{""tablespoon"":{""multiplier"":1,""label"":""tbsp"",""step"":0.5,""min"":0.5,""max"":6},""gram"":{""multiplier"":0.06667,""label"":""g"",""step"":5,""min"":5,""max"":100}}",ifct_2017
boondi-raita,Boondi raita,बूंदी रायता,dairy,bowl,130,6.0,1 katori (~180g),boondi raita,veg|home_cooked,false,true,70,bowl_scale,"{""default_key"":""regular"",""options"":[{""key"":""small"",""label"":""Small"",""hint"":""½ katori / light"",""multiplier"":0.75},{""key"":""regular"",""label"":""Regular"",""hint"":""1 katori (~180g)"",""multiplier"":1.0},{""key"":""large"",""label"":""Large"",""hint"":""Full bowl / generous"",""multiplier"":1.35}]}","{""bowl"":{""multiplier"":1,""label"":""bowl"",""step"":0.5,""min"":0.5,""max"":4},""gram"":{""multiplier"":0.00556,""label"":""g"",""step"":10,""min"":30,""max"":600}}",mfp_avg
veg-raita,Mix veg raita,वेज रायता,dairy,bowl,105,6.0,1 katori (~180g),veg raita|mixed raita,veg|home_cooked|low_cal,false,true,60,bowl_scale,"{""default_key"":""regular"",""options"":[{""key"":""small"",""label"":""Small"",""hint"":""½ katori / light"",""multiplier"":0.75},{""key"":""regular"",""label"":""Regular"",""hint"":""1 katori (~180g)"",""multiplier"":1.0},{""key"":""large"",""label"":""Large"",""hint"":""Full bowl / generous"",""multiplier"":1.35}]}","{""bowl"":{""multiplier"":1,""label"":""bowl"",""step"":0.5,""min"":0.5,""max"":4},""gram"":{""multiplier"":0.00556,""label"":""g"",""step"":10,""min"":30,""max"":600}}",mfp_avg
cucumber-raita,Cucumber raita,खीरा रायता,dairy,bowl,85,6.0,1 katori (~180g),cucumber raita|kheera raita,veg|home_cooked|low_cal,false,true,65,bowl_scale,"{""default_key"":""regular"",""options"":[{""key"":""small"",""label"":""Small"",""hint"":""½ katori / light"",""multiplier"":0.75},{""key"":""regular"",""label"":""Regular"",""hint"":""1 katori (~180g)"",""multiplier"":1.0},{""key"":""large"",""label"":""Large"",""hint"":""Full bowl / generous"",""multiplier"":1.35}]}","{""bowl"":{""multiplier"":1,""label"":""bowl"",""step"":0.5,""min"":0.5,""max"":4},""gram"":{""multiplier"":0.00556,""label"":""g"",""step"":10,""min"":30,""max"":600}}",mfp_avg
pineapple-raita,Pineapple raita,अनानास रायता,dairy,bowl,130,6.0,1 katori (~180g),pineapple raita,veg,false,true,30,bowl_scale,"{""default_key"":""regular"",""options"":[{""key"":""small"",""label"":""Small"",""hint"":""½ katori / light"",""multiplier"":0.75},{""key"":""regular"",""label"":""Regular"",""hint"":""1 katori (~180g)"",""multiplier"":1.0},{""key"":""large"",""label"":""Large"",""hint"":""Full bowl / generous"",""multiplier"":1.35}]}","{""bowl"":{""multiplier"":1,""label"":""bowl"",""step"":0.5,""min"":0.5,""max"":4},""gram"":{""multiplier"":0.00556,""label"":""g"",""step"":10,""min"":30,""max"":600}}",mfp_avg
green-salad-mixed,Green salad (mixed),हरा सलाद,salads,bowl,45,2.0,1 plate (~100g),green salad|mixed salad|veg salad,veg|low_cal|home_cooked,false,true,88,bowl_scale,"{""default_key"":""regular"",""options"":[{""key"":""small"",""label"":""Small"",""hint"":""½ katori / light"",""multiplier"":0.75},{""key"":""regular"",""label"":""Regular"",""hint"":""1 katori (~180g)"",""multiplier"":1.0},{""key"":""large"",""label"":""Large"",""hint"":""Full bowl / generous"",""multiplier"":1.35}]}","{""bowl"":{""multiplier"":1,""label"":""bowl"",""step"":0.5,""min"":0.5,""max"":4},""gram"":{""multiplier"":0.00833,""label"":""g"",""step"":10,""min"":30,""max"":600}}",ifct_2017
cucumber-salad,Cucumber salad,खीरा सलाद,salads,bowl,22,1.0,1 plate (~100g),cucumber salad|kheera salad,veg|low_cal,false,true,50,bowl_scale,"{""default_key"":""regular"",""options"":[{""key"":""small"",""label"":""Small"",""hint"":""½ katori / light"",""multiplier"":0.75},{""key"":""regular"",""label"":""Regular"",""hint"":""1 katori (~180g)"",""multiplier"":1.0},{""key"":""large"",""label"":""Large"",""hint"":""Full bowl / generous"",""multiplier"":1.35}]}","{""bowl"":{""multiplier"":1,""label"":""bowl"",""step"":0.5,""min"":0.5,""max"":4},""gram"":{""multiplier"":0.00833,""label"":""g"",""step"":10,""min"":30,""max"":600}}",usda_fdc
kachumber-salad,Kachumber salad,कचुम्बर सलाद,salads,bowl,35,1.0,1 plate (~100g),kachumber|onion tomato salad|laccha pyaaz,veg|low_cal|home_cooked,false,true,70,bowl_scale,"{""default_key"":""regular"",""options"":[{""key"":""small"",""label"":""Small"",""hint"":""½ katori / light"",""multiplier"":0.75},{""key"":""regular"",""label"":""Regular"",""hint"":""1 katori (~180g)"",""multiplier"":1.0},{""key"":""large"",""label"":""Large"",""hint"":""Full bowl / generous"",""multiplier"":1.35}]}","{""bowl"":{""multiplier"":1,""label"":""bowl"",""step"":0.5,""min"":0.5,""max"":4},""gram"":{""multiplier"":0.00833,""label"":""g"",""step"":10,""min"":30,""max"":600}}",mfp_avg
onion-salad,Onion salad (laccha),प्याज़ सलाद,salads,bowl,30,0.7,1 plate (~50g),onion salad|laccha pyaaz|sliced onion,veg|low_cal,false,true,55,bowl_scale,"{""default_key"":""regular"",""options"":[{""key"":""regular"",""label"":""Standard"",""multiplier"":1.0}]}","{""bowl"":{""multiplier"":1,""label"":""bowl"",""step"":0.5,""min"":0.5,""max"":4},""gram"":{""multiplier"":0.0125,""label"":""g"",""step"":10,""min"":30,""max"":600}}",usda_fdc
sprouts-salad,Sprouts salad,अंकुर सलाद,salads,bowl,170,11.0,1 katori (~180g),sprouts salad|moong sprouts salad,veg|high_protein|home_cooked,false,true,70,bowl_scale,"{""default_key"":""regular"",""options"":[{""key"":""small"",""label"":""Small"",""hint"":""½ katori / light"",""multiplier"":0.75},{""key"":""regular"",""label"":""Regular"",""hint"":""1 katori (~180g)"",""multiplier"":1.0},{""key"":""large"",""label"":""Large"",""hint"":""Full bowl / generous"",""multiplier"":1.35}]}","{""bowl"":{""multiplier"":1,""label"":""bowl"",""step"":0.5,""min"":0.5,""max"":4},""gram"":{""multiplier"":0.00556,""label"":""g"",""step"":10,""min"":30,""max"":600}}",ifct_2017
caesar-salad,Caesar salad,,salads,bowl,310,7.0,1 plate (~180g),caesar salad|cesar salad,veg|western,false,false,35,bowl_scale,"{""default_key"":""regular"",""options"":[{""key"":""small"",""label"":""Small"",""hint"":""½ katori / light"",""multiplier"":0.75},{""key"":""regular"",""label"":""Regular"",""hint"":""1 katori (~180g)"",""multiplier"":1.0},{""key"":""large"",""label"":""Large"",""hint"":""Full bowl / generous"",""multiplier"":1.35}]}","{""bowl"":{""multiplier"":1,""label"":""bowl"",""step"":0.5,""min"":0.5,""max"":4},""gram"":{""multiplier"":0.00556,""label"":""g"",""step"":10,""min"":30,""max"":600}}",mfp_avg
caesar-salad-chicken,Chicken caesar salad,,salads,bowl,390,28.0,1 plate (~200g),chicken caesar|caesar salad chicken,non_veg|western|high_protein,false,false,45,bowl_scale,"{""default_key"":""regular"",""options"":[{""key"":""small"",""label"":""Small"",""hint"":""½ katori / light"",""multiplier"":0.75},{""key"":""regular"",""label"":""Regular"",""hint"":""1 katori (~180g)"",""multiplier"":1.0},{""key"":""large"",""label"":""Large"",""hint"":""Full bowl / generous"",""multiplier"":1.35}]}","{""bowl"":{""multiplier"":1,""label"":""bowl"",""step"":0.5,""min"":0.5,""max"":4},""gram"":{""multiplier"":0.005,""label"":""g"",""step"":10,""min"":30,""max"":600}}",mfp_avg
greek-salad,Greek salad,,salads,bowl,200,6.0,1 plate (~180g),greek salad|feta salad,veg|western|mediterranean,false,false,40,bowl_scale,"{""default_key"":""regular"",""options"":[{""key"":""small"",""label"":""Small"",""hint"":""½ katori / light"",""multiplier"":0.75},{""key"":""regular"",""label"":""Regular"",""hint"":""1 katori (~180g)"",""multiplier"":1.0},{""key"":""large"",""label"":""Large"",""hint"":""Full bowl / generous"",""multiplier"":1.35}]}","{""bowl"":{""multiplier"":1,""label"":""bowl"",""step"":0.5,""min"":0.5,""max"":4},""gram"":{""multiplier"":0.00556,""label"":""g"",""step"":10,""min"":30,""max"":600}}",mfp_avg
chickpea-salad,Chickpea salad,,salads,bowl,220,11.0,1 katori (~180g),chickpea salad|chana salad,veg|high_protein|home_cooked,false,true,45,bowl_scale,"{""default_key"":""regular"",""options"":[{""key"":""small"",""label"":""Small"",""hint"":""½ katori / light"",""multiplier"":0.75},{""key"":""regular"",""label"":""Regular"",""hint"":""1 katori (~180g)"",""multiplier"":1.0},{""key"":""large"",""label"":""Large"",""hint"":""Full bowl / generous"",""multiplier"":1.35}]}","{""bowl"":{""multiplier"":1,""label"":""bowl"",""step"":0.5,""min"":0.5,""max"":4},""gram"":{""multiplier"":0.00556,""label"":""g"",""step"":10,""min"":30,""max"":600}}",mfp_avg
russian-salad,Russian salad,,salads,bowl,250,4.5,1 plate (~180g),russian salad|mayo salad,veg|restaurant,true,false,25,bowl_scale,"{""default_key"":""regular"",""options"":[{""key"":""small"",""label"":""Small"",""hint"":""½ katori / light"",""multiplier"":0.75},{""key"":""regular"",""label"":""Regular"",""hint"":""1 katori (~180g)"",""multiplier"":1.0},{""key"":""large"",""label"":""Large"",""hint"":""Full bowl / generous"",""multiplier"":1.35}]}","{""bowl"":{""multiplier"":1,""label"":""bowl"",""step"":0.5,""min"":0.5,""max"":4},""gram"":{""multiplier"":0.00556,""label"":""g"",""step"":10,""min"":30,""max"":600}}",mfp_avg
egg-salad,Egg salad,अंडा सलाद,salads,bowl,225,13.0,1 katori (~150g),egg salad|boiled egg salad,non_veg|high_protein|home_cooked,false,true,40,bowl_scale,"{""default_key"":""regular"",""options"":[{""key"":""small"",""label"":""Small"",""hint"":""½ katori / light"",""multiplier"":0.75},{""key"":""regular"",""label"":""Regular"",""hint"":""1 katori (~180g)"",""multiplier"":1.0},{""key"":""large"",""label"":""Large"",""hint"":""Full bowl / generous"",""multiplier"":1.35}]}","{""bowl"":{""multiplier"":1,""label"":""bowl"",""step"":0.5,""min"":0.5,""max"":4},""gram"":{""multiplier"":0.00667,""label"":""g"",""step"":10,""min"":30,""max"":600}}",usda_fdc
tuna-salad,Tuna salad,,salads,bowl,285,22.0,1 katori (~150g),tuna salad,non_veg|high_protein|western,false,false,30,bowl_scale,"{""default_key"":""regular"",""options"":[{""key"":""small"",""label"":""Small"",""hint"":""½ katori / light"",""multiplier"":0.75},{""key"":""regular"",""label"":""Regular"",""hint"":""1 katori (~180g)"",""multiplier"":1.0},{""key"":""large"",""label"":""Large"",""hint"":""Full bowl / generous"",""multiplier"":1.35}]}","{""bowl"":{""multiplier"":1,""label"":""bowl"",""step"":0.5,""min"":0.5,""max"":4},""gram"":{""multiplier"":0.00667,""label"":""g"",""step"":10,""min"":30,""max"":600}}",mfp_avg
veg-thali-small,Veg thali (small),वेज थाली,thali_combo,serving,575,18.0,1 plate (homestyle small),veg thali|simple thali,veg|combo|home_cooked,false,true,88,hand_portion,"{""default_key"":""regular"",""options"":[{""key"":""regular"",""label"":""Standard"",""multiplier"":1.0}]}","{""serving"":{""multiplier"":1,""label"":""plate"",""step"":0.5,""min"":0.5,""max"":2}}",mfp_avg
veg-thali-large,Veg thali (large/unlimited),वेज थाली लार्ज,thali_combo,serving,880,26.0,1 plate (restaurant large),unlimited thali|gujarati style large,veg|combo|restaurant,false,false,75,hand_portion,"{""default_key"":""regular"",""options"":[{""key"":""regular"",""label"":""Standard"",""multiplier"":1.0}]}","{""serving"":{""multiplier"":1,""label"":""plate"",""step"":0.5,""min"":0.5,""max"":2}}",mfp_avg
gujarati-thali,Gujarati thali,गुजराती थाली,thali_combo,serving,780,21.0,1 plate,gujarati thali,veg|combo|restaurant|gujarati,false,false,55,hand_portion,"{""default_key"":""regular"",""options"":[{""key"":""regular"",""label"":""Standard"",""multiplier"":1.0}]}","{""serving"":{""multiplier"":1,""label"":""plate"",""step"":0.5,""min"":0.5,""max"":2}}",mfp_avg
rajasthani-thali,Rajasthani thali,राजस्थानी थाली,thali_combo,serving,830,23.0,1 plate,rajasthani thali,veg|combo|restaurant|rajasthani,false,false,50,hand_portion,"{""default_key"":""regular"",""options"":[{""key"":""regular"",""label"":""Standard"",""multiplier"":1.0}]}","{""serving"":{""multiplier"":1,""label"":""plate"",""step"":0.5,""min"":0.5,""max"":2}}",mfp_avg
south-indian-meals,South Indian meals,साउथ इंडियन मील्स,thali_combo,serving,680,19.0,"1 plate (rice, sambar, rasam, sides)",south indian meals|saadya basic,veg|combo|south_indian,false,false,55,hand_portion,"{""default_key"":""regular"",""options"":[{""key"":""regular"",""label"":""Standard"",""multiplier"":1.0}]}","{""serving"":{""multiplier"":1,""label"":""plate"",""step"":0.5,""min"":0.5,""max"":2}}",mfp_avg
kerala-sadhya,Kerala sadhya,केरल सद्या,thali_combo,serving,950,25.0,1 plate (banana leaf full),sadhya|kerala feast|onam sadhya,veg|combo|kerala|festival,false,false,35,hand_portion,"{""default_key"":""regular"",""options"":[{""key"":""regular"",""label"":""Standard"",""multiplier"":1.0}]}","{""serving"":{""multiplier"":1,""label"":""plate"",""step"":0.5,""min"":0.5,""max"":2}}",mfp_avg
bengali-thali,Bengali thali,বাঙালি থালি,thali_combo,serving,730,25.0,1 plate,bengali thali,non_veg|combo|bengali,false,false,35,hand_portion,"{""default_key"":""regular"",""options"":[{""key"":""regular"",""label"":""Standard"",""multiplier"":1.0}]}","{""serving"":{""multiplier"":1,""label"":""plate"",""step"":0.5,""min"":0.5,""max"":2}}",mfp_avg
mini-thali,Mini thali,मिनी थाली,thali_combo,serving,460,14.0,1 plate (compact),mini thali|chhoti thali|veg mini meal,veg|combo|restaurant,false,false,70,hand_portion,"{""default_key"":""regular"",""options"":[{""key"":""regular"",""label"":""Standard"",""multiplier"":1.0}]}","{""serving"":{""multiplier"":1,""label"":""plate"",""step"":0.5,""min"":0.5,""max"":2}}",mfp_avg
chicken-thali,Chicken thali,चिकन थाली,thali_combo,serving,880,38.0,1 plate (chicken + sides),chicken thali|non veg thali,non_veg|combo|restaurant|high_protein,false,false,70,hand_portion,"{""default_key"":""regular"",""options"":[{""key"":""regular"",""label"":""Standard"",""multiplier"":1.0}]}","{""serving"":{""multiplier"":1,""label"":""plate"",""step"":0.5,""min"":0.5,""max"":2}}",mfp_avg
mutton-thali,Mutton thali,मटन थाली,thali_combo,serving,960,38.0,1 plate,mutton thali,non_veg|combo|restaurant|high_protein,false,false,45,hand_portion,"{""default_key"":""regular"",""options"":[{""key"":""regular"",""label"":""Standard"",""multiplier"":1.0}]}","{""serving"":{""multiplier"":1,""label"":""plate"",""step"":0.5,""min"":0.5,""max"":2}}",mfp_avg
office-dabba,Office tiffin / Dabba (homestyle),ऑफिस डब्बा,thali_combo,serving,620,19.0,1 box (2 roti + sabzi + dal + rice),office dabba|tiffin|lunchbox|office meal,veg|combo|home_cooked|office_meal,false,true,90,hand_portion,"{""default_key"":""regular"",""options"":[{""key"":""regular"",""label"":""Standard"",""multiplier"":1.0}]}","{""serving"":{""multiplier"":1,""label"":""plate"",""step"":0.5,""min"":0.5,""max"":2}}",mfp_avg
chole-bhature-plate,Chole bhature (1 plate),छोले भटूरे,thali_combo,serving,590,15.0,1 plate (1 bhatura + chole),chole bhature,veg|combo|restaurant|punjabi,true,false,85,hand_portion,"{""default_key"":""regular"",""options"":[{""key"":""regular"",""label"":""Standard"",""multiplier"":1.0}]}","{""serving"":{""multiplier"":1,""label"":""plate"",""step"":0.5,""min"":0.5,""max"":2}}",mfp_avg
rajma-chawal,Rajma chawal (combo),राजमा चावल,thali_combo,serving,420,13.0,1 plate (1 katori each),rajma chawal,veg|combo|home_cooked|punjabi,false,true,90,hand_portion,"{""default_key"":""regular"",""options"":[{""key"":""regular"",""label"":""Standard"",""multiplier"":1.0}]}","{""serving"":{""multiplier"":1,""label"":""plate"",""step"":0.5,""min"":0.5,""max"":2}}",mfp_avg
dal-chawal,Dal chawal (combo),दाल चावल,thali_combo,serving,385,12.0,1 plate (1 katori each),dal chawal|dal rice,veg|combo|home_cooked,false,true,92,hand_portion,"{""default_key"":""regular"",""options"":[{""key"":""regular"",""label"":""Standard"",""multiplier"":1.0}]}","{""serving"":{""multiplier"":1,""label"":""plate"",""step"":0.5,""min"":0.5,""max"":2}}",mfp_avg
kadhi-chawal,Kadhi chawal,कढ़ी चावल,thali_combo,serving,420,11.0,1 plate (1 katori each),kadhi chawal,veg|combo|home_cooked,false,true,60,hand_portion,"{""default_key"":""regular"",""options"":[{""key"":""regular"",""label"":""Standard"",""multiplier"":1.0}]}","{""serving"":{""multiplier"":1,""label"":""plate"",""step"":0.5,""min"":0.5,""max"":2}}",mfp_avg
curd-rice-plate,Curd rice (1 plate),दही चावल प्लेट,thali_combo,serving,310,8.5,1 plate (~250g),curd rice plate|dahi chawal plate|thayir sadam plate,veg|combo|south_indian|home_cooked,false,true,50,hand_portion,"{""default_key"":""regular"",""options"":[{""key"":""regular"",""label"":""Standard"",""multiplier"":1.0}]}","{""serving"":{""multiplier"":1,""label"":""plate"",""step"":0.5,""min"":0.5,""max"":2}}",mfp_avg
gulab-jamun,Gulab jamun,गुलाब जामुन,sweets_dessert,piece,145,2.0,1 piece (~35g),gulab jamun|gulab jaamun,veg|sweet|home_cooked,true,true,92,count,"{""default_key"":""regular"",""options"":[{""key"":""regular"",""label"":""Standard"",""multiplier"":1.0}]}","{""piece"":{""multiplier"":1,""label"":""piece"",""step"":1,""min"":1,""max"":8},""gram"":{""multiplier"":0.02857,""label"":""g"",""step"":10,""min"":10,""max"":280}}",mfp_avg
rasgulla,Rasgulla,रसगुल्ला,sweets_dessert,piece,100,2.5,1 piece (~40g),rasgulla|rosogolla|sponge rasgulla,veg|sweet|bengali,true,false,75,count,"{""default_key"":""regular"",""options"":[{""key"":""regular"",""label"":""Standard"",""multiplier"":1.0}]}","{""piece"":{""multiplier"":1,""label"":""piece"",""step"":1,""min"":1,""max"":8},""gram"":{""multiplier"":0.025,""label"":""g"",""step"":10,""min"":10,""max"":320}}",mfp_avg
rasmalai,Rasmalai,रसमलाई,sweets_dessert,piece,145,4.0,1 piece (~50g),rasmalai|ras malai|rossomalai,veg|sweet|bengali,true,false,75,count,"{""default_key"":""regular"",""options"":[{""key"":""regular"",""label"":""Standard"",""multiplier"":1.0}]}","{""piece"":{""multiplier"":1,""label"":""piece"",""step"":1,""min"":1,""max"":6},""gram"":{""multiplier"":0.02,""label"":""g"",""step"":10,""min"":10,""max"":300}}",mfp_avg
jalebi,Jalebi,जलेबी,sweets_dessert,piece,100,0.5,1 piece (~25g),jalebi|jilipi,veg|sweet|fried|street_food,true,false,80,count,"{""default_key"":""regular"",""options"":[{""key"":""regular"",""label"":""Standard"",""multiplier"":1.0}]}","{""piece"":{""multiplier"":1,""label"":""piece"",""step"":1,""min"":1,""max"":10},""gram"":{""multiplier"":0.04,""label"":""g"",""step"":10,""min"":10,""max"":250}}",mfp_avg
imarti,Imarti,इमरती,sweets_dessert,piece,110,1.0,1 piece (~30g),imarti|jaangri,veg|sweet|fried,true,false,35,count,"{""default_key"":""regular"",""options"":[{""key"":""regular"",""label"":""Standard"",""multiplier"":1.0}]}","{""piece"":{""multiplier"":1,""label"":""piece"",""step"":1,""min"":1,""max"":8},""gram"":{""multiplier"":0.03333,""label"":""g"",""step"":10,""min"":10,""max"":240}}",mfp_avg
kheer,Kheer / Rice pudding,खीर,sweets_dessert,bowl,245,6.0,1 katori (~150g),kheer|rice pudding|payasam,veg|sweet|home_cooked,true,true,80,bowl_scale,"{""default_key"":""regular"",""options"":[{""key"":""small"",""label"":""Small"",""hint"":""½ katori / light"",""multiplier"":0.75},{""key"":""regular"",""label"":""Regular"",""hint"":""1 katori (~180g)"",""multiplier"":1.0},{""key"":""large"",""label"":""Large"",""hint"":""Full bowl / generous"",""multiplier"":1.35}]}","{""bowl"":{""multiplier"":1,""label"":""bowl"",""step"":0.5,""min"":0.5,""max"":4},""gram"":{""multiplier"":0.00667,""label"":""g"",""step"":10,""min"":30,""max"":600}}",mfp_avg
phirni,Phirni,फिरनी,sweets_dessert,bowl,220,5.0,1 katori (~150g),phirni|firni,veg|sweet|home_cooked,true,false,50,bowl_scale,"{""default_key"":""regular"",""options"":[{""key"":""small"",""label"":""Small"",""hint"":""½ katori / light"",""multiplier"":0.75},{""key"":""regular"",""label"":""Regular"",""hint"":""1 katori (~180g)"",""multiplier"":1.0},{""key"":""large"",""label"":""Large"",""hint"":""Full bowl / generous"",""multiplier"":1.35}]}","{""bowl"":{""multiplier"":1,""label"":""bowl"",""step"":0.5,""min"":0.5,""max"":4},""gram"":{""multiplier"":0.00667,""label"":""g"",""step"":10,""min"":30,""max"":600}}",mfp_avg
gajar-halwa,Gajar ka halwa,गाजर का हलवा,sweets_dessert,bowl,295,4.0,1 katori (~100g),gajar halwa|carrot halwa|gajrela,veg|sweet|home_cooked|winter,true,true,85,bowl_scale,"{""default_key"":""regular"",""options"":[{""key"":""small"",""label"":""Small"",""hint"":""½ katori / light"",""multiplier"":0.75},{""key"":""regular"",""label"":""Regular"",""hint"":""1 katori (~180g)"",""multiplier"":1.0},{""key"":""large"",""label"":""Large"",""hint"":""Full bowl / generous"",""multiplier"":1.35}]}","{""bowl"":{""multiplier"":1,""label"":""bowl"",""step"":0.5,""min"":0.5,""max"":4},""gram"":{""multiplier"":0.01,""label"":""g"",""step"":10,""min"":30,""max"":600}}",mfp_avg
moong-dal-halwa,Moong dal halwa,मूंग दाल हलवा,sweets_dessert,bowl,385,6.0,1 katori (~100g),moong dal halwa,veg|sweet|home_cooked,true,false,40,bowl_scale,"{""default_key"":""regular"",""options"":[{""key"":""small"",""label"":""Small"",""hint"":""½ katori / light"",""multiplier"":0.75},{""key"":""regular"",""label"":""Regular"",""hint"":""1 katori (~180g)"",""multiplier"":1.0},{""key"":""large"",""label"":""Large"",""hint"":""Full bowl / generous"",""multiplier"":1.35}]}","{""bowl"":{""multiplier"":1,""label"":""bowl"",""step"":0.5,""min"":0.5,""max"":4},""gram"":{""multiplier"":0.01,""label"":""g"",""step"":10,""min"":30,""max"":600}}",mfp_avg
sooji-halwa,Sooji halwa,सूजी हलवा,sweets_dessert,bowl,320,4.0,1 katori (~100g),sooji halwa|rava halwa|kesari,veg|sweet|home_cooked,true,true,60,bowl_scale,"{""default_key"":""regular"",""options"":[{""key"":""small"",""label"":""Small"",""hint"":""½ katori / light"",""multiplier"":0.75},{""key"":""regular"",""label"":""Regular"",""hint"":""1 katori (~180g)"",""multiplier"":1.0},{""key"":""large"",""label"":""Large"",""hint"":""Full bowl / generous"",""multiplier"":1.35}]}","{""bowl"":{""multiplier"":1,""label"":""bowl"",""step"":0.5,""min"":0.5,""max"":4},""gram"":{""multiplier"":0.01,""label"":""g"",""step"":10,""min"":30,""max"":600}}",mfp_avg
atta-halwa,Atta halwa,आटा हलवा,sweets_dessert,bowl,385,5.0,1 katori (~100g),atta halwa|kada prashad,veg|sweet|home_cooked,true,true,45,bowl_scale,"{""default_key"":""regular"",""options"":[{""key"":""small"",""label"":""Small"",""hint"":""½ katori / light"",""multiplier"":0.75},{""key"":""regular"",""label"":""Regular"",""hint"":""1 katori (~180g)"",""multiplier"":1.0},{""key"":""large"",""label"":""Large"",""hint"":""Full bowl / generous"",""multiplier"":1.35}]}","{""bowl"":{""multiplier"":1,""label"":""bowl"",""step"":0.5,""min"":0.5,""max"":4},""gram"":{""multiplier"":0.01,""label"":""g"",""step"":10,""min"":30,""max"":600}}",mfp_avg
besan-ladoo,Besan ladoo,बेसन लड्डू,sweets_dessert,piece,165,3.0,1 ladoo (~30g),besan ladoo|besan laddu,veg|sweet|home_cooked,true,true,60,count,"{""default_key"":""regular"",""options"":[{""key"":""regular"",""label"":""Standard"",""multiplier"":1.0}]}","{""piece"":{""multiplier"":1,""label"":""piece"",""step"":1,""min"":1,""max"":8},""gram"":{""multiplier"":0.03333,""label"":""g"",""step"":10,""min"":10,""max"":240}}",mfp_avg
boondi-ladoo,Boondi ladoo,बूंदी लड्डू,sweets_dessert,piece,145,2.0,1 ladoo (~30g),boondi ladoo|boondi laddu,veg|sweet,true,false,60,count,"{""default_key"":""regular"",""options"":[{""key"":""regular"",""label"":""Standard"",""multiplier"":1.0}]}","{""piece"":{""multiplier"":1,""label"":""piece"",""step"":1,""min"":1,""max"":8},""gram"":{""multiplier"":0.03333,""label"":""g"",""step"":10,""min"":10,""max"":240}}",mfp_avg
motichoor-ladoo,Motichoor ladoo,मोतीचूर लड्डू,sweets_dessert,piece,170,2.0,1 ladoo (~30g),motichoor ladoo|moti choor,veg|sweet,true,false,50,count,"{""default_key"":""regular"",""options"":[{""key"":""regular"",""label"":""Standard"",""multiplier"":1.0}]}","{""piece"":{""multiplier"":1,""label"":""piece"",""step"":1,""min"":1,""max"":8},""gram"":{""multiplier"":0.03333,""label"":""g"",""step"":10,""min"":10,""max"":240}}",mfp_avg
kaju-katli,Kaju katli,काजू कतली,sweets_dessert,piece,75,1.5,1 piece (~15g),kaju katli|cashew burfi|kaju barfi,veg|sweet,true,false,75,count,"{""default_key"":""regular"",""options"":[{""key"":""regular"",""label"":""Standard"",""multiplier"":1.0}]}","{""piece"":{""multiplier"":1,""label"":""piece"",""step"":1,""min"":1,""max"":10}}",mfp_avg
soan-papdi,Soan papdi,सोन पापड़ी,sweets_dessert,piece,130,1.0,1 piece (~25g),soan papdi|sohan papdi,veg|sweet|brand,true,false,50,count,"{""default_key"":""regular"",""options"":[{""key"":""regular"",""label"":""Standard"",""multiplier"":1.0}]}","{""piece"":{""multiplier"":1,""label"":""piece"",""step"":1,""min"":1,""max"":10},""gram"":{""multiplier"":0.04,""label"":""g"",""step"":10,""min"":10,""max"":250}}",mfp_avg
mysore-pak,Mysore pak,मैसूर पाक,sweets_dessert,piece,175,2.0,1 piece (~30g),mysore pak,veg|sweet|south_indian,true,false,45,count,"{""default_key"":""regular"",""options"":[{""key"":""regular"",""label"":""Standard"",""multiplier"":1.0}]}","{""piece"":{""multiplier"":1,""label"":""piece"",""step"":1,""min"":1,""max"":8},""gram"":{""multiplier"":0.03333,""label"":""g"",""step"":10,""min"":10,""max"":240}}",mfp_avg
peda,Peda,पेड़ा,sweets_dessert,piece,90,2.0,1 piece (~20g),peda|mathura peda,veg|sweet,true,false,55,count,"{""default_key"":""regular"",""options"":[{""key"":""regular"",""label"":""Standard"",""multiplier"":1.0}]}","{""piece"":{""multiplier"":1,""label"":""piece"",""step"":1,""min"":1,""max"":8}}",mfp_avg
barfi-plain,Barfi (plain milk),बर्फी,sweets_dessert,piece,110,2.0,1 piece (~25g),barfi|milk barfi|burfi,veg|sweet,true,false,55,count,"{""default_key"":""regular"",""options"":[{""key"":""regular"",""label"":""Standard"",""multiplier"":1.0}]}","{""piece"":{""multiplier"":1,""label"":""piece"",""step"":1,""min"":1,""max"":8},""gram"":{""multiplier"":0.04,""label"":""g"",""step"":10,""min"":10,""max"":200}}",mfp_avg
coconut-barfi,Coconut barfi,नारियल बर्फी,sweets_dessert,piece,130,1.5,1 piece (~25g),coconut barfi|nariyal barfi,veg|sweet,true,false,45,count,"{""default_key"":""regular"",""options"":[{""key"":""regular"",""label"":""Standard"",""multiplier"":1.0}]}","{""piece"":{""multiplier"":1,""label"":""piece"",""step"":1,""min"":1,""max"":8},""gram"":{""multiplier"":0.04,""label"":""g"",""step"":10,""min"":10,""max"":200}}",mfp_avg
sandesh,Sandesh,সন্দেশ,sweets_dessert,piece,80,4.0,1 piece (~30g),sandesh|shondesh,veg|sweet|bengali,true,false,35,count,"{""default_key"":""regular"",""options"":[{""key"":""regular"",""label"":""Standard"",""multiplier"":1.0}]}","{""piece"":{""multiplier"":1,""label"":""piece"",""step"":1,""min"":1,""max"":8},""gram"":{""multiplier"":0.03333,""label"":""g"",""step"":10,""min"":10,""max"":240}}",mfp_avg
mishti-doi,Mishti doi,মিষ্টি দই,sweets_dessert,bowl,120,4.0,1 katori (~100g),mishti doi|sweet curd|bengali sweet curd,veg|sweet|bengali,true,false,40,bowl_scale,"{""default_key"":""regular"",""options"":[{""key"":""small"",""label"":""Small"",""hint"":""½ katori / light"",""multiplier"":0.75},{""key"":""regular"",""label"":""Regular"",""hint"":""1 katori (~180g)"",""multiplier"":1.0},{""key"":""large"",""label"":""Large"",""hint"":""Full bowl / generous"",""multiplier"":1.35}]}","{""bowl"":{""multiplier"":1,""label"":""bowl"",""step"":0.5,""min"":0.5,""max"":4},""gram"":{""multiplier"":0.01,""label"":""g"",""step"":10,""min"":30,""max"":600}}",mfp_avg
modak-steamed,Modak (steamed),मोदक,sweets_dessert,piece,75,1.0,1 modak (~30g),modak|ukadiche modak|kozhukattai,veg|sweet|maharashtrian,true,true,35,count,"{""default_key"":""regular"",""options"":[{""key"":""regular"",""label"":""Standard"",""multiplier"":1.0}]}","{""piece"":{""multiplier"":1,""label"":""piece"",""step"":1,""min"":1,""max"":6},""gram"":{""multiplier"":0.03333,""label"":""g"",""step"":10,""min"":10,""max"":180}}",mfp_avg
modak-fried,Modak (fried),तला मोदक,sweets_dessert,piece,105,1.0,1 modak (~30g),fried modak|talniche modak,veg|sweet|fried,true,false,25,count,"{""default_key"":""regular"",""options"":[{""key"":""regular"",""label"":""Standard"",""multiplier"":1.0}]}","{""piece"":{""multiplier"":1,""label"":""piece"",""step"":1,""min"":1,""max"":6},""gram"":{""multiplier"":0.03333,""label"":""g"",""step"":10,""min"":10,""max"":180}}",mfp_avg
shrikhand,Shrikhand,श्रीखंड,sweets_dessert,bowl,220,8.0,1 katori (~100g),shrikhand|amrakhand,veg|sweet|gujarati,true,true,40,bowl_scale,"{""default_key"":""regular"",""options"":[{""key"":""small"",""label"":""Small"",""hint"":""½ katori / light"",""multiplier"":0.75},{""key"":""regular"",""label"":""Regular"",""hint"":""1 katori (~180g)"",""multiplier"":1.0},{""key"":""large"",""label"":""Large"",""hint"":""Full bowl / generous"",""multiplier"":1.35}]}","{""bowl"":{""multiplier"":1,""label"":""bowl"",""step"":0.5,""min"":0.5,""max"":4},""gram"":{""multiplier"":0.01,""label"":""g"",""step"":10,""min"":30,""max"":600}}",mfp_avg
basundi,Basundi,बासुंदी,sweets_dessert,bowl,195,6.0,1 katori (~100g),basundi,veg|sweet|maharashtrian,true,false,30,bowl_scale,"{""default_key"":""regular"",""options"":[{""key"":""small"",""label"":""Small"",""hint"":""½ katori / light"",""multiplier"":0.75},{""key"":""regular"",""label"":""Regular"",""hint"":""1 katori (~180g)"",""multiplier"":1.0},{""key"":""large"",""label"":""Large"",""hint"":""Full bowl / generous"",""multiplier"":1.35}]}","{""bowl"":{""multiplier"":1,""label"":""bowl"",""step"":0.5,""min"":0.5,""max"":4},""gram"":{""multiplier"":0.01,""label"":""g"",""step"":10,""min"":30,""max"":600}}",mfp_avg
ice-cream-vanilla,"Ice cream (vanilla, 1 scoop)",वनीला आइसक्रीम,sweets_dessert,piece,130,2.5,1 scoop (~60g),vanilla ice cream|ice cream,veg|sweet|frozen,true,false,80,count,"{""default_key"":""regular"",""options"":[{""key"":""regular"",""label"":""Standard"",""multiplier"":1.0}]}","{""piece"":{""multiplier"":1,""label"":""piece"",""step"":1,""min"":1,""max"":5},""gram"":{""multiplier"":0.01667,""label"":""g"",""step"":10,""min"":10,""max"":300}}",label_pack
ice-cream-chocolate,"Ice cream (chocolate, 1 scoop)",चॉकलेट आइसक्रीम,sweets_dessert,piece,145,2.5,1 scoop (~60g),chocolate ice cream,veg|sweet|frozen,true,false,80,count,"{""default_key"":""regular"",""options"":[{""key"":""regular"",""label"":""Standard"",""multiplier"":1.0}]}","{""piece"":{""multiplier"":1,""label"":""piece"",""step"":1,""min"":1,""max"":5},""gram"":{""multiplier"":0.01667,""label"":""g"",""step"":10,""min"":10,""max"":300}}",label_pack
kulfi,Kulfi,कुल्फी,sweets_dessert,piece,195,4.0,1 kulfi (~70g),kulfi|matka kulfi,veg|sweet|frozen,true,false,65,count,"{""default_key"":""regular"",""options"":[{""key"":""regular"",""label"":""Standard"",""multiplier"":1.0}]}","{""piece"":{""multiplier"":1,""label"":""piece"",""step"":1,""min"":1,""max"":4},""gram"":{""multiplier"":0.01429,""label"":""g"",""step"":10,""min"":10,""max"":280}}",mfp_avg
chocolate-brownie,Chocolate brownie,,sweets_dessert,piece,295,4.0,1 piece (~70g),brownie|chocolate brownie,veg|sweet|western|bakery,true,false,60,count,"{""default_key"":""regular"",""options"":[{""key"":""small"",""label"":""Small"",""multiplier"":0.8},{""key"":""regular"",""label"":""Medium"",""multiplier"":1.0},{""key"":""large"",""label"":""Large"",""multiplier"":1.3}]}","{""piece"":{""multiplier"":1,""label"":""piece"",""step"":1,""min"":1,""max"":4},""gram"":{""multiplier"":0.01429,""label"":""g"",""step"":10,""min"":10,""max"":280}}",mfp_avg
chocolate-cake-slice,Chocolate cake (slice),,sweets_dessert,piece,310,4.0,1 slice (~80g),chocolate cake|cake slice|chocolate cake slice,veg|sweet|western|bakery,true,false,65,count,"{""default_key"":""regular"",""options"":[{""key"":""small"",""label"":""Small"",""multiplier"":0.8},{""key"":""regular"",""label"":""Medium"",""multiplier"":1.0},{""key"":""large"",""label"":""Large"",""multiplier"":1.3}]}","{""piece"":{""multiplier"":1,""label"":""piece"",""step"":1,""min"":1,""max"":4},""gram"":{""multiplier"":0.0125,""label"":""g"",""step"":10,""min"":10,""max"":320}}",mfp_avg
cupcake,Cupcake (frosted),,sweets_dessert,piece,290,3.0,1 cupcake (~80g),cupcake|muffin frosted,veg|sweet|bakery,true,false,35,count,"{""default_key"":""regular"",""options"":[{""key"":""regular"",""label"":""Standard"",""multiplier"":1.0}]}","{""piece"":{""multiplier"":1,""label"":""piece"",""step"":1,""min"":1,""max"":4},""gram"":{""multiplier"":0.0125,""label"":""g"",""step"":10,""min"":10,""max"":320}}",mfp_avg
muffin-chocolate,Chocolate muffin,,sweets_dessert,piece,380,5.0,1 muffin (~100g),muffin|chocolate muffin,veg|sweet|bakery,true,false,35,count,"{""default_key"":""regular"",""options"":[{""key"":""regular"",""label"":""Standard"",""multiplier"":1.0}]}","{""piece"":{""multiplier"":1,""label"":""piece"",""step"":1,""min"":1,""max"":3},""gram"":{""multiplier"":0.01,""label"":""g"",""step"":10,""min"":10,""max"":300}}",mfp_avg
donut-glazed,Donut (glazed),,sweets_dessert,piece,245,4.0,1 donut (~60g),donut|doughnut|glazed donut,veg|sweet|bakery,true,false,45,count,"{""default_key"":""regular"",""options"":[{""key"":""regular"",""label"":""Standard"",""multiplier"":1.0}]}","{""piece"":{""multiplier"":1,""label"":""piece"",""step"":1,""min"":1,""max"":4},""gram"":{""multiplier"":0.01667,""label"":""g"",""step"":10,""min"":10,""max"":240}}",mfp_avg
dark-chocolate-30g,Dark chocolate (30g),,sweets_dessert,serving,165,2.0,30g (~3 squares),dark chocolate|70% chocolate,veg|sweet|brand,true,false,50,gram_only,"{""default_key"":""regular"",""options"":[{""key"":""regular"",""label"":""Standard"",""multiplier"":1.0}]}","{""gram"":{""multiplier"":0.0333,""label"":""g"",""step"":5,""min"":5,""max"":200},""serving"":{""multiplier"":1,""label"":""30g"",""step"":1,""min"":0.5,""max"":4}}",label_pack
milk-chocolate-30g,Milk chocolate (30g),,sweets_dessert,serving,160,2.0,30g (~3 squares),milk chocolate|dairy milk|cadbury,veg|sweet|brand,true,false,55,gram_only,"{""default_key"":""regular"",""options"":[{""key"":""regular"",""label"":""Standard"",""multiplier"":1.0}]}","{""gram"":{""multiplier"":0.0333,""label"":""g"",""step"":5,""min"":5,""max"":200},""serving"":{""multiplier"":1,""label"":""30g"",""step"":1,""min"":0.5,""max"":4}}",label_pack
dairy-milk-small,Cadbury Dairy Milk (small),,sweets_dessert,piece,65,1.0,1 small bar (~13g),cadbury|dairy milk|dairy milk chocolate,veg|brand|sweet,true,false,70,count,"{""default_key"":""regular"",""options"":[{""key"":""regular"",""label"":""Standard"",""multiplier"":1.0}]}","{""piece"":{""multiplier"":1,""label"":""piece"",""step"":1,""min"":1,""max"":8}}",brand_cadbury
snickers-bar,Snickers (single bar),,sweets_dessert,piece,245,4.0,1 bar (~50g),snickers|snickers bar,veg|brand|sweet,true,false,50,count,"{""default_key"":""regular"",""options"":[{""key"":""regular"",""label"":""Standard"",""multiplier"":1.0}]}","{""piece"":{""multiplier"":1,""label"":""piece"",""step"":1,""min"":1,""max"":5}}",brand_snickers
kit-kat,Kit Kat (4-finger),,sweets_dessert,piece,210,2.0,1 bar (~40g),kit kat|kitkat|kit-kat,veg|brand|sweet,true,false,50,count,"{""default_key"":""regular"",""options"":[{""key"":""regular"",""label"":""Standard"",""multiplier"":1.0}]}","{""piece"":{""multiplier"":1,""label"":""piece"",""step"":1,""min"":1,""max"":6}}",brand_nestle
apple-medium,Apple (medium),सेब,fruits,piece,95,0.5,1 medium (~180g),apple|seb|red apple,veg|fruit|high_fiber,false,false,96,count,"{""default_key"":""regular"",""options"":[{""key"":""small"",""label"":""Small"",""multiplier"":0.8},{""key"":""regular"",""label"":""Medium"",""multiplier"":1.0},{""key"":""large"",""label"":""Large"",""multiplier"":1.3}]}","{""piece"":{""multiplier"":1,""label"":""piece"",""step"":1,""min"":1,""max"":4},""gram"":{""multiplier"":0.00556,""label"":""g"",""step"":10,""min"":10,""max"":720}}",usda_fdc
banana-medium,Banana (medium),केला,fruits,piece,105,1.3,1 medium (~120g),banana|kela,veg|fruit|energy,false,false,98,count,"{""default_key"":""regular"",""options"":[{""key"":""small"",""label"":""Small"",""multiplier"":0.8},{""key"":""regular"",""label"":""Medium"",""multiplier"":1.0},{""key"":""large"",""label"":""Large"",""multiplier"":1.3}]}","{""piece"":{""multiplier"":1,""label"":""piece"",""step"":1,""min"":1,""max"":5},""gram"":{""multiplier"":0.00833,""label"":""g"",""step"":10,""min"":10,""max"":600}}",usda_fdc
banana-small-elaichi,Elaichi banana (small),इलायची केला,fruits,piece,65,0.9,1 small (~70g),elaichi banana|small banana|chota kela|yelakki,veg|fruit,false,false,65,count,"{""default_key"":""regular"",""options"":[{""key"":""regular"",""label"":""Standard"",""multiplier"":1.0}]}","{""piece"":{""multiplier"":1,""label"":""piece"",""step"":1,""min"":1,""max"":8},""gram"":{""multiplier"":0.01429,""label"":""g"",""step"":10,""min"":10,""max"":560}}",mfp_avg
orange-medium,Orange (medium),संतरा,fruits,piece,60,1.2,1 medium (~130g),orange|santra|narangi,veg|fruit|vitamin_c,false,false,80,count,"{""default_key"":""regular"",""options"":[{""key"":""small"",""label"":""Small"",""multiplier"":0.8},{""key"":""regular"",""label"":""Medium"",""multiplier"":1.0},{""key"":""large"",""label"":""Large"",""multiplier"":1.3}]}","{""piece"":{""multiplier"":1,""label"":""piece"",""step"":1,""min"":1,""max"":4},""gram"":{""multiplier"":0.00769,""label"":""g"",""step"":10,""min"":10,""max"":520}}",usda_fdc
mango-medium,Mango (medium),आम,fruits,piece,135,1.4,1 medium (~200g),mango|aam,veg|fruit|summer,false,false,92,count,"{""default_key"":""regular"",""options"":[{""key"":""small"",""label"":""Small"",""multiplier"":0.8},{""key"":""regular"",""label"":""Medium"",""multiplier"":1.0},{""key"":""large"",""label"":""Large"",""multiplier"":1.3}]}","{""piece"":{""multiplier"":1,""label"":""piece"",""step"":1,""min"":1,""max"":3},""gram"":{""multiplier"":0.005,""label"":""g"",""step"":10,""min"":10,""max"":600}}",usda_fdc
alphonso-mango,Alphonso mango,अल्फांसो आम,fruits,piece,120,1.3,1 medium (~175g),alphonso|hapus|alphonso mango|hapoos,veg|fruit|summer|premium,false,false,70,count,"{""default_key"":""regular"",""options"":[{""key"":""small"",""label"":""Small"",""multiplier"":0.8},{""key"":""regular"",""label"":""Medium"",""multiplier"":1.0},{""key"":""large"",""label"":""Large"",""multiplier"":1.3}]}","{""piece"":{""multiplier"":1,""label"":""piece"",""step"":1,""min"":1,""max"":4},""gram"":{""multiplier"":0.00571,""label"":""g"",""step"":10,""min"":10,""max"":700}}",mfp_avg
papaya-bowl,Papaya (cubed),पपीता,fruits,bowl,65,1.0,1 katori (~150g),papaya|papita,veg|fruit|high_fiber|low_cal,false,false,75,bowl_scale,"{""default_key"":""regular"",""options"":[{""key"":""small"",""label"":""Small"",""hint"":""½ katori / light"",""multiplier"":0.75},{""key"":""regular"",""label"":""Regular"",""hint"":""1 katori (~180g)"",""multiplier"":1.0},{""key"":""large"",""label"":""Large"",""hint"":""Full bowl / generous"",""multiplier"":1.35}]}","{""bowl"":{""multiplier"":1,""label"":""bowl"",""step"":0.5,""min"":0.5,""max"":4},""gram"":{""multiplier"":0.00667,""label"":""g"",""step"":10,""min"":30,""max"":600}}",ifct_2017
watermelon-bowl,Watermelon (cubed),तरबूज,fruits,bowl,45,1.0,1 katori (~150g),watermelon|tarbooz,veg|fruit|summer|low_cal,false,false,80,bowl_scale,"{""default_key"":""regular"",""options"":[{""key"":""small"",""label"":""Small"",""hint"":""½ katori / light"",""multiplier"":0.75},{""key"":""regular"",""label"":""Regular"",""hint"":""1 katori (~180g)"",""multiplier"":1.0},{""key"":""large"",""label"":""Large"",""hint"":""Full bowl / generous"",""multiplier"":1.35}]}","{""bowl"":{""multiplier"":1,""label"":""bowl"",""step"":0.5,""min"":0.5,""max"":4},""gram"":{""multiplier"":0.00667,""label"":""g"",""step"":10,""min"":30,""max"":600}}",usda_fdc
muskmelon-bowl,Muskmelon / Kharbuja,खरबूजा,fruits,bowl,50,1.2,1 katori (~150g),muskmelon|kharbuja|cantaloupe,veg|fruit|summer|low_cal,false,false,50,bowl_scale,"{""default_key"":""regular"",""options"":[{""key"":""small"",""label"":""Small"",""hint"":""½ katori / light"",""multiplier"":0.75},{""key"":""regular"",""label"":""Regular"",""hint"":""1 katori (~180g)"",""multiplier"":1.0},{""key"":""large"",""label"":""Large"",""hint"":""Full bowl / generous"",""multiplier"":1.35}]}","{""bowl"":{""multiplier"":1,""label"":""bowl"",""step"":0.5,""min"":0.5,""max"":4},""gram"":{""multiplier"":0.00667,""label"":""g"",""step"":10,""min"":30,""max"":600}}",usda_fdc
pineapple-bowl,Pineapple (cubed),अनानास,fruits,bowl,75,0.8,1 katori (~150g),pineapple|ananas,veg|fruit,false,false,50,bowl_scale,"{""default_key"":""regular"",""options"":[{""key"":""small"",""label"":""Small"",""hint"":""½ katori / light"",""multiplier"":0.75},{""key"":""regular"",""label"":""Regular"",""hint"":""1 katori (~180g)"",""multiplier"":1.0},{""key"":""large"",""label"":""Large"",""hint"":""Full bowl / generous"",""multiplier"":1.35}]}","{""bowl"":{""multiplier"":1,""label"":""bowl"",""step"":0.5,""min"":0.5,""max"":4},""gram"":{""multiplier"":0.00667,""label"":""g"",""step"":10,""min"":30,""max"":600}}",usda_fdc
pomegranate-bowl,Pomegranate seeds,अनार,fruits,bowl,125,2.5,1 katori (~150g),pomegranate|anar|anaar,veg|fruit|antioxidant,false,false,80,bowl_scale,"{""default_key"":""regular"",""options"":[{""key"":""small"",""label"":""Small"",""hint"":""½ katori / light"",""multiplier"":0.75},{""key"":""regular"",""label"":""Regular"",""hint"":""1 katori (~180g)"",""multiplier"":1.0},{""key"":""large"",""label"":""Large"",""hint"":""Full bowl / generous"",""multiplier"":1.35}]}","{""bowl"":{""multiplier"":1,""label"":""bowl"",""step"":0.5,""min"":0.5,""max"":4},""gram"":{""multiplier"":0.00667,""label"":""g"",""step"":10,""min"":30,""max"":600}}",usda_fdc
grapes-green,Grapes (green),हरे अंगूर,fruits,bowl,70,0.7,1 katori (~100g),grapes|green grapes|angoor,veg|fruit,false,false,70,bowl_scale,"{""default_key"":""regular"",""options"":[{""key"":""small"",""label"":""Small"",""hint"":""½ katori / light"",""multiplier"":0.75},{""key"":""regular"",""label"":""Regular"",""hint"":""1 katori (~180g)"",""multiplier"":1.0},{""key"":""large"",""label"":""Large"",""hint"":""Full bowl / generous"",""multiplier"":1.35}]}","{""bowl"":{""multiplier"":1,""label"":""bowl"",""step"":0.5,""min"":0.5,""max"":4},""gram"":{""multiplier"":0.01,""label"":""g"",""step"":10,""min"":30,""max"":600}}",usda_fdc
grapes-black,Grapes (black),काले अंगूर,fruits,bowl,70,0.7,1 katori (~100g),black grapes|kale angoor,veg|fruit,false,false,60,bowl_scale,"{""default_key"":""regular"",""options"":[{""key"":""small"",""label"":""Small"",""hint"":""½ katori / light"",""multiplier"":0.75},{""key"":""regular"",""label"":""Regular"",""hint"":""1 katori (~180g)"",""multiplier"":1.0},{""key"":""large"",""label"":""Large"",""hint"":""Full bowl / generous"",""multiplier"":1.35}]}","{""bowl"":{""multiplier"":1,""label"":""bowl"",""step"":0.5,""min"":0.5,""max"":4},""gram"":{""multiplier"":0.01,""label"":""g"",""step"":10,""min"":30,""max"":600}}",usda_fdc
strawberries,Strawberries,स्ट्रॉबेरी,fruits,bowl,35,0.7,1 katori (~100g),strawberry|strawberries,veg|fruit|berry|low_cal,false,false,45,bowl_scale,"{""default_key"":""regular"",""options"":[{""key"":""small"",""label"":""Small"",""hint"":""½ katori / light"",""multiplier"":0.75},{""key"":""regular"",""label"":""Regular"",""hint"":""1 katori (~180g)"",""multiplier"":1.0},{""key"":""large"",""label"":""Large"",""hint"":""Full bowl / generous"",""multiplier"":1.35}]}","{""bowl"":{""multiplier"":1,""label"":""bowl"",""step"":0.5,""min"":0.5,""max"":4},""gram"":{""multiplier"":0.01,""label"":""g"",""step"":10,""min"":30,""max"":600}}",usda_fdc
blueberries,Blueberries,ब्लूबेरी,fruits,bowl,60,0.7,1 katori (~100g),blueberries|blueberry,veg|fruit|berry|antioxidant,false,false,40,bowl_scale,"{""default_key"":""regular"",""options"":[{""key"":""small"",""label"":""Small"",""hint"":""½ katori / light"",""multiplier"":0.75},{""key"":""regular"",""label"":""Regular"",""hint"":""1 katori (~180g)"",""multiplier"":1.0},{""key"":""large"",""label"":""Large"",""hint"":""Full bowl / generous"",""multiplier"":1.35}]}","{""bowl"":{""multiplier"":1,""label"":""bowl"",""step"":0.5,""min"":0.5,""max"":4},""gram"":{""multiplier"":0.01,""label"":""g"",""step"":10,""min"":30,""max"":600}}",usda_fdc
pear-medium,Pear (medium),नाशपाती,fruits,piece,105,0.7,1 medium (~180g),pear|nashpati,veg|fruit|high_fiber,false,false,50,count,"{""default_key"":""regular"",""options"":[{""key"":""small"",""label"":""Small"",""multiplier"":0.8},{""key"":""regular"",""label"":""Medium"",""multiplier"":1.0},{""key"":""large"",""label"":""Large"",""multiplier"":1.3}]}","{""piece"":{""multiplier"":1,""label"":""piece"",""step"":1,""min"":1,""max"":4},""gram"":{""multiplier"":0.00556,""label"":""g"",""step"":10,""min"":10,""max"":720}}",usda_fdc
peach,Peach (medium),आड़ू,fruits,piece,60,1.4,1 medium (~150g),peach|aadu,veg|fruit,false,false,30,count,"{""default_key"":""regular"",""options"":[{""key"":""regular"",""label"":""Standard"",""multiplier"":1.0}]}","{""piece"":{""multiplier"":1,""label"":""piece"",""step"":1,""min"":1,""max"":5},""gram"":{""multiplier"":0.00667,""label"":""g"",""step"":10,""min"":10,""max"":750}}",usda_fdc
plum,Plum,आलूबुखारा,fruits,piece,30,0.5,1 plum (~65g),plum|aloo bukhara|alubukhara,veg|fruit,false,false,30,count,"{""default_key"":""regular"",""options"":[{""key"":""regular"",""label"":""Standard"",""multiplier"":1.0}]}","{""piece"":{""multiplier"":1,""label"":""piece"",""step"":1,""min"":1,""max"":8},""gram"":{""multiplier"":0.01538,""label"":""g"",""step"":10,""min"":10,""max"":520}}",usda_fdc
kiwi,Kiwi,कीवी,fruits,piece,45,0.8,1 kiwi (~75g),kiwi|kiwi fruit,veg|fruit|vitamin_c,false,false,45,count,"{""default_key"":""regular"",""options"":[{""key"":""regular"",""label"":""Standard"",""multiplier"":1.0}]}","{""piece"":{""multiplier"":1,""label"":""piece"",""step"":1,""min"":1,""max"":5},""gram"":{""multiplier"":0.01333,""label"":""g"",""step"":10,""min"":10,""max"":375}}",usda_fdc
guava,Guava,अमरूद,fruits,piece,70,2.5,1 medium (~100g),guava|amrood|amrud|peru,veg|fruit|high_fiber|vitamin_c,false,false,65,count,"{""default_key"":""regular"",""options"":[{""key"":""small"",""label"":""Small"",""multiplier"":0.8},{""key"":""regular"",""label"":""Medium"",""multiplier"":1.0},{""key"":""large"",""label"":""Large"",""multiplier"":1.3}]}","{""piece"":{""multiplier"":1,""label"":""piece"",""step"":1,""min"":1,""max"":4},""gram"":{""multiplier"":0.01,""label"":""g"",""step"":10,""min"":10,""max"":400}}",usda_fdc
chikoo,Chikoo / Sapodilla,चीकू,fruits,piece,85,0.5,1 medium (~100g),chikoo|sapodilla|sapota,veg|fruit,false,false,45,count,"{""default_key"":""regular"",""options"":[{""key"":""regular"",""label"":""Standard"",""multiplier"":1.0}]}","{""piece"":{""multiplier"":1,""label"":""piece"",""step"":1,""min"":1,""max"":4},""gram"":{""multiplier"":0.01,""label"":""g"",""step"":10,""min"":10,""max"":400}}",ifct_2017
jamun,Jamun (Java plum),जामुन,fruits,bowl,60,0.7,1 katori (~100g),jamun|java plum|jambolan,veg|fruit|seasonal|low_cal,false,false,40,bowl_scale,"{""default_key"":""regular"",""options"":[{""key"":""small"",""label"":""Small"",""hint"":""½ katori / light"",""multiplier"":0.75},{""key"":""regular"",""label"":""Regular"",""hint"":""1 katori (~180g)"",""multiplier"":1.0},{""key"":""large"",""label"":""Large"",""hint"":""Full bowl / generous"",""multiplier"":1.35}]}","{""bowl"":{""multiplier"":1,""label"":""bowl"",""step"":0.5,""min"":0.5,""max"":4},""gram"":{""multiplier"":0.01,""label"":""g"",""step"":10,""min"":30,""max"":600}}",ifct_2017
litchi,Litchi / Lychee,लीची,fruits,piece,7,0.1,1 lychee (~10g),litchi|lychee|lichi,veg|fruit|seasonal,false,false,40,count,"{""default_key"":""regular"",""options"":[{""key"":""regular"",""label"":""Standard"",""multiplier"":1.0}]}","{""piece"":{""multiplier"":1,""label"":""piece"",""step"":1,""min"":3,""max"":20}}",usda_fdc
custard-apple,Custard apple / Sitafal,सीताफल,fruits,piece,95,2.0,1 medium (~100g),custard apple|sitafal|seetaphal|sharifa,veg|fruit,false,false,30,count,"{""default_key"":""regular"",""options"":[{""key"":""regular"",""label"":""Standard"",""multiplier"":1.0}]}","{""piece"":{""multiplier"":1,""label"":""piece"",""step"":1,""min"":1,""max"":4},""gram"":{""multiplier"":0.01,""label"":""g"",""step"":10,""min"":10,""max"":400}}",ifct_2017
coconut-tender,Tender coconut flesh (malai),नारियल मलाई,fruits,bowl,90,3.0,1 katori (~80g),tender coconut|nariyal malai|coconut flesh,veg|fruit,false,false,30,bowl_scale,"{""default_key"":""regular"",""options"":[{""key"":""regular"",""label"":""Standard"",""multiplier"":1.0}]}","{""bowl"":{""multiplier"":1,""label"":""bowl"",""step"":0.5,""min"":0.5,""max"":4},""gram"":{""multiplier"":0.0125,""label"":""g"",""step"":10,""min"":30,""max"":600}}",ifct_2017
dragonfruit,Dragonfruit,ड्रैगन फ्रूट,fruits,bowl,75,1.5,1 katori (~150g),dragonfruit|pitaya,veg|fruit,false,false,30,bowl_scale,"{""default_key"":""regular"",""options"":[{""key"":""small"",""label"":""Small"",""hint"":""½ katori / light"",""multiplier"":0.75},{""key"":""regular"",""label"":""Regular"",""hint"":""1 katori (~180g)"",""multiplier"":1.0},{""key"":""large"",""label"":""Large"",""hint"":""Full bowl / generous"",""multiplier"":1.35}]}","{""bowl"":{""multiplier"":1,""label"":""bowl"",""step"":0.5,""min"":0.5,""max"":4},""gram"":{""multiplier"":0.00667,""label"":""g"",""step"":10,""min"":30,""max"":600}}",usda_fdc
avocado-half,Avocado (half),एवोकाडो,fruits,piece,160,2.0,½ avocado (~100g),avocado,veg|fruit|healthy_fats,false,false,50,count,"{""default_key"":""regular"",""options"":[{""key"":""regular"",""label"":""Standard"",""multiplier"":1.0}]}","{""piece"":{""multiplier"":1,""label"":""piece"",""step"":1,""min"":1,""max"":4},""gram"":{""multiplier"":0.01,""label"":""g"",""step"":10,""min"":10,""max"":400}}",usda_fdc
dates-medjool,"Dates (Medjool, 2 pcs)",खजूर,fruits,piece,65,0.5,1 Medjool date (~24g),medjool dates|khajoor|dates,veg|fruit|natural_sugar|energy,false,false,65,count,"{""default_key"":""regular"",""options"":[{""key"":""regular"",""label"":""Standard"",""multiplier"":1.0}]}","{""piece"":{""multiplier"":1,""label"":""piece"",""step"":1,""min"":1,""max"":10}}",usda_fdc
dates-dry,Dry dates (Chhuhara),छुहारा,fruits,piece,25,0.3,1 dry date (~8g),chhuhara|dry dates|sukha khajoor,veg|fruit|natural_sugar,false,false,35,count,"{""default_key"":""regular"",""options"":[{""key"":""regular"",""label"":""Standard"",""multiplier"":1.0}]}","{""piece"":{""multiplier"":1,""label"":""piece"",""step"":1,""min"":2,""max"":15}}",ifct_2017
raisins,Raisins (kishmish),किशमिश,fruits,serving,90,1.0,30g handful,raisins|kishmish|munakka,veg|dryfruit,false,false,50,gram_only,"{""default_key"":""regular"",""options"":[{""key"":""regular"",""label"":""Standard"",""multiplier"":1.0}]}","{""gram"":{""multiplier"":0.03333,""label"":""g"",""step"":5,""min"":5,""max"":300},""serving"":{""multiplier"":1,""label"":""serving"",""step"":0.5,""min"":0.5,""max"":5}}",usda_fdc
figs-dry-anjeer,Dry figs (Anjeer),अंजीर,fruits,piece,25,0.4,1 dry fig (~10g),anjeer|dry figs|figs,veg|dryfruit|high_fiber,false,false,35,count,"{""default_key"":""regular"",""options"":[{""key"":""regular"",""label"":""Standard"",""multiplier"":1.0}]}","{""piece"":{""multiplier"":1,""label"":""piece"",""step"":1,""min"":1,""max"":10}}",ifct_2017
whey-protein-scoop,Whey protein (1 scoop),,other,serving,120,24.0,1 scoop (~30g),whey|whey protein|protein powder|on whey,veg|supplement|high_protein|gym,false,false,90,gram_only,"{""default_key"":""regular"",""options"":[{""key"":""regular"",""label"":""Standard"",""multiplier"":1.0}]}","{""serving"":{""multiplier"":1,""label"":""plate"",""step"":0.5,""min"":0.5,""max"":4}}",label_pack
mass-gainer-scoop,Mass gainer (1 scoop),,other,serving,230,12.0,1 scoop (~60g),mass gainer|weight gainer|on mass gainer,veg|supplement|gym,false,false,50,gram_only,"{""default_key"":""regular"",""options"":[{""key"":""regular"",""label"":""Standard"",""multiplier"":1.0}]}","{""serving"":{""multiplier"":1,""label"":""plate"",""step"":0.5,""min"":0.5,""max"":4}}",label_pack
plant-protein-scoop,Plant protein (1 scoop),,other,serving,115,22.0,1 scoop (~30g),plant protein|vegan protein|soy protein|pea protein,veg|supplement|plant_based|high_protein,false,false,50,gram_only,"{""default_key"":""regular"",""options"":[{""key"":""regular"",""label"":""Standard"",""multiplier"":1.0}]}","{""serving"":{""multiplier"":1,""label"":""plate"",""step"":0.5,""min"":0.5,""max"":4}}",label_pack
protein-bar,Protein bar (1 bar),,other,piece,220,18.0,1 bar (~60g),protein bar|yoga bar|rite bite|max protein,veg|supplement|brand|high_protein,false,false,75,count,"{""default_key"":""regular"",""options"":[{""key"":""regular"",""label"":""Standard"",""multiplier"":1.0}]}","{""piece"":{""multiplier"":1,""label"":""piece"",""step"":1,""min"":1,""max"":5},""gram"":{""multiplier"":0.01667,""label"":""g"",""step"":10,""min"":10,""max"":300}}",label_pack
bcaa-scoop,BCAA (1 scoop),,other,serving,30,4.0,1 scoop (~10g),bcaa|amino acids,veg|supplement|gym,false,false,30,gram_only,"{""default_key"":""regular"",""options"":[{""key"":""regular"",""label"":""Standard"",""multiplier"":1.0}]}","{""serving"":{""multiplier"":1,""label"":""plate"",""step"":0.5,""min"":0.5,""max"":4}}",label_pack
creatine-scoop,Creatine monohydrate (5g),,other,serving,1,0.0,1 scoop (~5g),creatine|creatine monohydrate,veg|supplement|gym,false,false,30,gram_only,"{""default_key"":""regular"",""options"":[{""key"":""regular"",""label"":""Standard"",""multiplier"":1.0}]}","{""serving"":{""multiplier"":1,""label"":""plate"",""step"":0.5,""min"":0.5,""max"":4}}",label_pack
muesli-with-milk,Muesli with milk (1 bowl),,other,bowl,310,10.0,1 bowl (~180g w/ milk),muesli|granola|muesli with milk,veg|breakfast|brand,false,false,65,bowl_scale,"{""default_key"":""regular"",""options"":[{""key"":""small"",""label"":""Small"",""hint"":""½ katori / light"",""multiplier"":0.75},{""key"":""regular"",""label"":""Regular"",""hint"":""1 katori (~180g)"",""multiplier"":1.0},{""key"":""large"",""label"":""Large"",""hint"":""Full bowl / generous"",""multiplier"":1.35}]}","{""bowl"":{""multiplier"":1,""label"":""bowl"",""step"":0.5,""min"":0.5,""max"":4},""gram"":{""multiplier"":0.00556,""label"":""g"",""step"":10,""min"":30,""max"":600}}",label_pack
cornflakes-with-milk,Cornflakes with milk (1 bowl),,other,bowl,245,7.5,1 bowl (~180g w/ milk),cornflakes|kelloggs cornflakes,veg|breakfast|brand,false,false,70,bowl_scale,"{""default_key"":""regular"",""options"":[{""key"":""small"",""label"":""Small"",""hint"":""½ katori / light"",""multiplier"":0.75},{""key"":""regular"",""label"":""Regular"",""hint"":""1 katori (~180g)"",""multiplier"":1.0},{""key"":""large"",""label"":""Large"",""hint"":""Full bowl / generous"",""multiplier"":1.35}]}","{""bowl"":{""multiplier"":1,""label"":""bowl"",""step"":0.5,""min"":0.5,""max"":4},""gram"":{""multiplier"":0.00556,""label"":""g"",""step"":10,""min"":30,""max"":600}}",brand_kelloggs
chocos-with-milk,Chocos with milk (1 bowl),,other,bowl,290,7.0,1 bowl (~180g w/ milk),chocos|kelloggs chocos,veg|breakfast|brand|sugary,true,false,55,bowl_scale,"{""default_key"":""regular"",""options"":[{""key"":""small"",""label"":""Small"",""hint"":""½ katori / light"",""multiplier"":0.75},{""key"":""regular"",""label"":""Regular"",""hint"":""1 katori (~180g)"",""multiplier"":1.0},{""key"":""large"",""label"":""Large"",""hint"":""Full bowl / generous"",""multiplier"":1.35}]}","{""bowl"":{""multiplier"":1,""label"":""bowl"",""step"":0.5,""min"":0.5,""max"":4},""gram"":{""multiplier"":0.00556,""label"":""g"",""step"":10,""min"":30,""max"":600}}",brand_kelloggs
peanut-butter-tbsp,Peanut butter (1 tbsp),,other,tablespoon,95,4.0,1 tbsp (~16g),peanut butter|pb|alpino peanut butter,veg|brand|high_protein|spread,false,false,75,gram_only,"{""default_key"":""regular"",""options"":[{""key"":""regular"",""label"":""Standard"",""multiplier"":1.0}]}","{""tablespoon"":{""multiplier"":1,""label"":""tbsp"",""step"":0.5,""min"":0.5,""max"":6},""gram"":{""multiplier"":0.0625,""label"":""g"",""step"":5,""min"":5,""max"":100}}",label_pack
almond-butter-tbsp,Almond butter (1 tbsp),,other,tablespoon,100,3.5,1 tbsp (~16g),almond butter|badam butter,veg|brand|spread,false,false,35,gram_only,"{""default_key"":""regular"",""options"":[{""key"":""regular"",""label"":""Standard"",""multiplier"":1.0}]}","{""tablespoon"":{""multiplier"":1,""label"":""tbsp"",""step"":0.5,""min"":0.5,""max"":6},""gram"":{""multiplier"":0.0625,""label"":""g"",""step"":5,""min"":5,""max"":100}}",label_pack
almonds-10pc,Almonds (10 pieces),बादाम,other,piece,7,0.3,1 almond (~1.4g),almonds|badam,veg|dryfruit|high_protein|healthy_fats,false,false,90,count,"{""default_key"":""regular"",""options"":[{""key"":""regular"",""label"":""Standard"",""multiplier"":1.0}]}","{""piece"":{""multiplier"":1,""label"":""piece"",""step"":1,""min"":5,""max"":30}}",usda_fdc
cashews-10pc,Cashews (10 pieces),काजू,other,piece,10,0.3,1 cashew (~1.8g),cashews|kaju,veg|dryfruit|healthy_fats,false,false,75,count,"{""default_key"":""regular"",""options"":[{""key"":""regular"",""label"":""Standard"",""multiplier"":1.0}]}","{""piece"":{""multiplier"":1,""label"":""piece"",""step"":1,""min"":5,""max"":30}}",usda_fdc
walnuts-4-halves,Walnuts (4 halves),अखरोट,other,piece,22,0.5,1 walnut half (~3.5g),walnuts|akhrot,veg|dryfruit|omega3,false,false,60,count,"{""default_key"":""regular"",""options"":[{""key"":""regular"",""label"":""Standard"",""multiplier"":1.0}]}","{""piece"":{""multiplier"":1,""label"":""piece"",""step"":1,""min"":2,""max"":20}}",usda_fdc
peanuts-roasted,Roasted peanuts,मूंगफली,other,serving,170,7.5,30g handful,peanuts|moongphali|groundnut,veg|high_protein,false,true,65,gram_only,"{""default_key"":""regular"",""options"":[{""key"":""regular"",""label"":""Standard"",""multiplier"":1.0}]}","{""gram"":{""multiplier"":0.03333,""label"":""g"",""step"":5,""min"":5,""max"":300},""serving"":{""multiplier"":1,""label"":""serving"",""step"":0.5,""min"":0.5,""max"":5}}",ifct_2017
pumpkin-seeds,Pumpkin seeds,कद्दू के बीज,other,serving,165,9.0,30g (~3 tbsp),pumpkin seeds|kaddu seeds,veg|seeds|high_protein|healthy,false,false,35,gram_only,"{""default_key"":""regular"",""options"":[{""key"":""regular"",""label"":""Standard"",""multiplier"":1.0}]}","{""gram"":{""multiplier"":0.03333,""label"":""g"",""step"":5,""min"":5,""max"":300},""serving"":{""multiplier"":1,""label"":""serving"",""step"":0.5,""min"":0.5,""max"":5}}",usda_fdc
sunflower-seeds,Sunflower seeds,सूरजमुखी के बीज,other,serving,170,6.0,30g (~3 tbsp),sunflower seeds,veg|seeds|healthy,false,false,30,gram_only,"{""default_key"":""regular"",""options"":[{""key"":""regular"",""label"":""Standard"",""multiplier"":1.0}]}","{""gram"":{""multiplier"":0.03333,""label"":""g"",""step"":5,""min"":5,""max"":300},""serving"":{""multiplier"":1,""label"":""serving"",""step"":0.5,""min"":0.5,""max"":5}}",usda_fdc
chia-seeds,Chia seeds,चिया बीज,other,tablespoon,70,2.5,1 tbsp (~15g),chia seeds,veg|seeds|omega3|superfood,false,false,50,gram_only,"{""default_key"":""regular"",""options"":[{""key"":""regular"",""label"":""Standard"",""multiplier"":1.0}]}","{""tablespoon"":{""multiplier"":1,""label"":""tbsp"",""step"":0.5,""min"":0.5,""max"":6},""gram"":{""multiplier"":0.06667,""label"":""g"",""step"":5,""min"":5,""max"":100}}",usda_fdc
flax-seeds,Flax seeds,अलसी,other,tablespoon,80,3.0,1 tbsp (~15g),flax seeds|alsi|linseed,veg|seeds|omega3|high_fiber,false,true,40,gram_only,"{""default_key"":""regular"",""options"":[{""key"":""regular"",""label"":""Standard"",""multiplier"":1.0}]}","{""tablespoon"":{""multiplier"":1,""label"":""tbsp"",""step"":0.5,""min"":0.5,""max"":6},""gram"":{""multiplier"":0.06667,""label"":""g"",""step"":5,""min"":5,""max"":100}}",usda_fdc
trail-mix,Trail mix (nuts + seeds),,other,serving,145,4.0,30g handful,trail mix|nuts mix|dry fruit mix,veg|dryfruit|healthy,false,false,40,gram_only,"{""default_key"":""regular"",""options"":[{""key"":""regular"",""label"":""Standard"",""multiplier"":1.0}]}","{""gram"":{""multiplier"":0.03333,""label"":""g"",""step"":5,""min"":5,""max"":300},""serving"":{""multiplier"":1,""label"":""serving"",""step"":0.5,""min"":0.5,""max"":5}}",mfp_avg
pasta-white-sauce-veg,Pasta in white sauce (veg),,other,bowl,480,14.0,1 plate (~200g),white sauce pasta|alfredo pasta veg|creamy pasta,veg|italian|restaurant,true,false,80,bowl_scale,"{""default_key"":""regular"",""options"":[{""key"":""small"",""label"":""Small"",""hint"":""½ katori / light"",""multiplier"":0.75},{""key"":""regular"",""label"":""Regular"",""hint"":""1 katori (~180g)"",""multiplier"":1.0},{""key"":""large"",""label"":""Large"",""hint"":""Full bowl / generous"",""multiplier"":1.35}]}","{""bowl"":{""multiplier"":1,""label"":""bowl"",""step"":0.5,""min"":0.5,""max"":4},""gram"":{""multiplier"":0.005,""label"":""g"",""step"":10,""min"":30,""max"":600}}",mfp_avg
pasta-red-sauce-veg,Pasta in red sauce (veg),,other,bowl,385,12.0,1 plate (~200g),red sauce pasta|arrabiata|tomato pasta|napolitana,veg|italian|restaurant,false,false,80,bowl_scale,"{""default_key"":""regular"",""options"":[{""key"":""small"",""label"":""Small"",""hint"":""½ katori / light"",""multiplier"":0.75},{""key"":""regular"",""label"":""Regular"",""hint"":""1 katori (~180g)"",""multiplier"":1.0},{""key"":""large"",""label"":""Large"",""hint"":""Full bowl / generous"",""multiplier"":1.35}]}","{""bowl"":{""multiplier"":1,""label"":""bowl"",""step"":0.5,""min"":0.5,""max"":4},""gram"":{""multiplier"":0.005,""label"":""g"",""step"":10,""min"":30,""max"":600}}",mfp_avg
pasta-arrabiata,Pasta arrabiata,,other,bowl,395,11.0,1 plate (~200g),arrabiata pasta|spicy red pasta,veg|italian|spicy,false,false,50,bowl_scale,"{""default_key"":""regular"",""options"":[{""key"":""small"",""label"":""Small"",""hint"":""½ katori / light"",""multiplier"":0.75},{""key"":""regular"",""label"":""Regular"",""hint"":""1 katori (~180g)"",""multiplier"":1.0},{""key"":""large"",""label"":""Large"",""hint"":""Full bowl / generous"",""multiplier"":1.35}]}","{""bowl"":{""multiplier"":1,""label"":""bowl"",""step"":0.5,""min"":0.5,""max"":4},""gram"":{""multiplier"":0.005,""label"":""g"",""step"":10,""min"":30,""max"":600}}",mfp_avg
penne-alfredo-chicken,Penne alfredo (chicken),,other,bowl,625,30.0,1 plate (~250g),chicken alfredo|alfredo pasta chicken,non_veg|italian|restaurant|high_protein,false,false,60,bowl_scale,"{""default_key"":""regular"",""options"":[{""key"":""small"",""label"":""Small"",""hint"":""½ katori / light"",""multiplier"":0.75},{""key"":""regular"",""label"":""Regular"",""hint"":""1 katori (~180g)"",""multiplier"":1.0},{""key"":""large"",""label"":""Large"",""hint"":""Full bowl / generous"",""multiplier"":1.35}]}","{""bowl"":{""multiplier"":1,""label"":""bowl"",""step"":0.5,""min"":0.5,""max"":4},""gram"":{""multiplier"":0.004,""label"":""g"",""step"":10,""min"":30,""max"":600}}",mfp_avg
mac-and-cheese,Mac and cheese,,other,bowl,585,22.0,1 plate (~250g),mac and cheese|mac n cheese|macaroni cheese,veg|western|comfort,true,false,55,bowl_scale,"{""default_key"":""regular"",""options"":[{""key"":""small"",""label"":""Small"",""hint"":""½ katori / light"",""multiplier"":0.75},{""key"":""regular"",""label"":""Regular"",""hint"":""1 katori (~180g)"",""multiplier"":1.0},{""key"":""large"",""label"":""Large"",""hint"":""Full bowl / generous"",""multiplier"":1.35}]}","{""bowl"":{""multiplier"":1,""label"":""bowl"",""step"":0.5,""min"":0.5,""max"":4},""gram"":{""multiplier"":0.004,""label"":""g"",""step"":10,""min"":30,""max"":600}}",mfp_avg
lasagna-veg,Veg lasagna (1 slice),,other,piece,385,18.0,1 slice (~200g),veg lasagna|vegetable lasagna,veg|italian|restaurant,false,false,35,count,"{""default_key"":""regular"",""options"":[{""key"":""small"",""label"":""Small"",""multiplier"":0.8},{""key"":""regular"",""label"":""Medium"",""multiplier"":1.0},{""key"":""large"",""label"":""Large"",""multiplier"":1.3}]}","{""piece"":{""multiplier"":1,""label"":""piece"",""step"":1,""min"":1,""max"":3},""gram"":{""multiplier"":0.005,""label"":""g"",""step"":10,""min"":10,""max"":600}}",mfp_avg
lasagna-meat,Meat lasagna (1 slice),,other,piece,425,24.0,1 slice (~210g),meat lasagna|chicken lasagna|beef lasagna,non_veg|italian|restaurant|high_protein,false,false,35,count,"{""default_key"":""regular"",""options"":[{""key"":""small"",""label"":""Small"",""multiplier"":0.8},{""key"":""regular"",""label"":""Medium"",""multiplier"":1.0},{""key"":""large"",""label"":""Large"",""multiplier"":1.3}]}","{""piece"":{""multiplier"":1,""label"":""piece"",""step"":1,""min"":1,""max"":3},""gram"":{""multiplier"":0.00476,""label"":""g"",""step"":10,""min"":10,""max"":630}}",mfp_avg
spaghetti-meatballs,Spaghetti meatballs,,other,bowl,580,28.0,1 plate (~280g),spaghetti meatballs|pasta meatballs,non_veg|italian|restaurant,false,false,40,bowl_scale,"{""default_key"":""regular"",""options"":[{""key"":""small"",""label"":""Small"",""hint"":""½ katori / light"",""multiplier"":0.75},{""key"":""regular"",""label"":""Regular"",""hint"":""1 katori (~180g)"",""multiplier"":1.0},{""key"":""large"",""label"":""Large"",""hint"":""Full bowl / generous"",""multiplier"":1.35}]}","{""bowl"":{""multiplier"":1,""label"":""bowl"",""step"":0.5,""min"":0.5,""max"":4},""gram"":{""multiplier"":0.00357,""label"":""g"",""step"":10,""min"":30,""max"":600}}",mfp_avg
ramen-noodles,Ramen (chicken),,other,bowl,480,25.0,1 bowl (~450g with broth),ramen|japanese ramen|tonkotsu,non_veg|japanese|high_protein,false,false,45,bowl_scale,"{""default_key"":""regular"",""options"":[{""key"":""small"",""label"":""Small"",""hint"":""½ katori / light"",""multiplier"":0.75},{""key"":""regular"",""label"":""Regular"",""hint"":""1 katori (~180g)"",""multiplier"":1.0},{""key"":""large"",""label"":""Large"",""hint"":""Full bowl / generous"",""multiplier"":1.35}]}","{""bowl"":{""multiplier"":1,""label"":""bowl"",""step"":0.5,""min"":0.5,""max"":4},""gram"":{""multiplier"":0.00222,""label"":""g"",""step"":10,""min"":30,""max"":600}}",mfp_avg
pho-chicken,Pho (chicken),,other,bowl,420,28.0,1 bowl (~500g with broth),pho|vietnamese pho|chicken pho,non_veg|vietnamese|high_protein,false,false,30,bowl_scale,"{""default_key"":""regular"",""options"":[{""key"":""small"",""label"":""Small"",""hint"":""½ katori / light"",""multiplier"":0.75},{""key"":""regular"",""label"":""Regular"",""hint"":""1 katori (~180g)"",""multiplier"":1.0},{""key"":""large"",""label"":""Large"",""hint"":""Full bowl / generous"",""multiplier"":1.35}]}","{""bowl"":{""multiplier"":1,""label"":""bowl"",""step"":0.5,""min"":0.5,""max"":4},""gram"":{""multiplier"":0.002,""label"":""g"",""step"":10,""min"":30,""max"":600}}",mfp_avg
oatmeal-with-fruit,Oatmeal with fruit (1 bowl),,other,bowl,285,8.0,1 bowl (~250g),oatmeal with fruit|oats with banana|porridge with fruit,veg|breakfast|high_fiber,false,true,45,bowl_scale,"{""default_key"":""regular"",""options"":[{""key"":""small"",""label"":""Small"",""hint"":""½ katori / light"",""multiplier"":0.75},{""key"":""regular"",""label"":""Regular"",""hint"":""1 katori (~180g)"",""multiplier"":1.0},{""key"":""large"",""label"":""Large"",""hint"":""Full bowl / generous"",""multiplier"":1.35}]}","{""bowl"":{""multiplier"":1,""label"":""bowl"",""step"":0.5,""min"":0.5,""max"":4},""gram"":{""multiplier"":0.004,""label"":""g"",""step"":10,""min"":30,""max"":600}}",mfp_avg
smoothie-bowl,Smoothie bowl (mixed berry),,other,bowl,320,9.0,1 bowl (~300g),smoothie bowl|acai bowl,veg|breakfast|trendy,false,false,35,bowl_scale,"{""default_key"":""regular"",""options"":[{""key"":""small"",""label"":""Small"",""hint"":""½ katori / light"",""multiplier"":0.75},{""key"":""regular"",""label"":""Regular"",""hint"":""1 katori (~180g)"",""multiplier"":1.0},{""key"":""large"",""label"":""Large"",""hint"":""Full bowl / generous"",""multiplier"":1.35}]}","{""bowl"":{""multiplier"":1,""label"":""bowl"",""step"":0.5,""min"":0.5,""max"":4},""gram"":{""multiplier"":0.00333,""label"":""g"",""step"":10,""min"":30,""max"":600}}",mfp_avg
hummus-tbsp,Hummus (2 tbsp),,other,tablespoon,70,2.5,2 tbsp (~30g),hummus|chickpea dip,veg|mediterranean|home_cooked,false,false,40,gram_only,"{""default_key"":""regular"",""options"":[{""key"":""regular"",""label"":""Standard"",""multiplier"":1.0}]}","{""tablespoon"":{""multiplier"":1,""label"":""tbsp"",""step"":0.5,""min"":0.5,""max"":6},""gram"":{""multiplier"":0.06667,""label"":""g"",""step"":5,""min"":5,""max"":100}}",mfp_avg
falafel,Falafel (3 pcs),,other,piece,65,2.5,1 falafel (~20g),falafel|chickpea balls,veg|mediterranean|fried|high_protein,false,false,40,count,"{""default_key"":""regular"",""options"":[{""key"":""regular"",""label"":""Standard"",""multiplier"":1.0}]}","{""piece"":{""multiplier"":1,""label"":""piece"",""step"":1,""min"":1,""max"":12},""gram"":{""multiplier"":0.05,""label"":""g"",""step"":10,""min"":10,""max"":240}}",mfp_avg
steamed-broccoli,Steamed broccoli,ब्रोकोली,other,bowl,50,4.0,1 katori (~150g),steamed broccoli|broccoli,veg|low_cal|high_fiber,false,true,50,bowl_scale,"{""default_key"":""regular"",""options"":[{""key"":""small"",""label"":""Small"",""hint"":""½ katori / light"",""multiplier"":0.75},{""key"":""regular"",""label"":""Regular"",""hint"":""1 katori (~180g)"",""multiplier"":1.0},{""key"":""large"",""label"":""Large"",""hint"":""Full bowl / generous"",""multiplier"":1.35}]}","{""bowl"":{""multiplier"":1,""label"":""bowl"",""step"":0.5,""min"":0.5,""max"":4},""gram"":{""multiplier"":0.00667,""label"":""g"",""step"":10,""min"":30,""max"":600}}",usda_fdc
boiled-sweet-potato,Boiled sweet potato,शकरकंद,other,bowl,130,2.5,1 medium (~150g),sweet potato|shakarkand,veg|home_cooked|complex_carb,false,true,45,bowl_scale,"{""default_key"":""regular"",""options"":[{""key"":""small"",""label"":""Small"",""hint"":""½ katori / light"",""multiplier"":0.75},{""key"":""regular"",""label"":""Regular"",""hint"":""1 katori (~180g)"",""multiplier"":1.0},{""key"":""large"",""label"":""Large"",""hint"":""Full bowl / generous"",""multiplier"":1.35}]}","{""bowl"":{""multiplier"":1,""label"":""bowl"",""step"":0.5,""min"":0.5,""max"":4},""gram"":{""multiplier"":0.00667,""label"":""g"",""step"":10,""min"":30,""max"":600}}",usda_fdc
boiled-corn,Boiled corn (1 cob),भुट्टा,other,piece,145,5.0,1 medium cob (~150g),corn|bhutta|boiled corn|sweet corn,veg|home_cooked,false,true,65,count,"{""default_key"":""regular"",""options"":[{""key"":""regular"",""label"":""Standard"",""multiplier"":1.0}]}","{""piece"":{""multiplier"":1,""label"":""piece"",""step"":1,""min"":1,""max"":3},""gram"":{""multiplier"":0.00667,""label"":""g"",""step"":10,""min"":10,""max"":450}}",ifct_2017
